word,translation
ich,I (first person singular nominative (subject) pronoun)
sie,she
das,nominative/accusative neuter singular of der
du,"you (singular familiar), thou"
nicht,"not, non- (negates the meaning of a verb, adjective, or adverb)"
es,"Refers to a neuter noun (person, animal, thing or abstract)"
und,and
der,"nominative masculine singular definite article, the"
wir,we
was,what
zu,"to, towards (indicates directionality)"
er,he
ein,one
in,"[with dative] in, inside, within, at (inside a building)"
mit,"with (in the company of, alongside)"
JA,initialism of Junge Alternative für Deutschland.
den,that
wie,how
auf,"[with dative] on, upon (positioned at the top of)"
dass,that
aber,but
so,"so, such, that"
hier,here
haben,forms the perfect aspect (have)
für,describes an abstract directionality towards a person or matter
von,from
wenn,"when, whenever"
ihr,"you, ye (plural, familiar)"
Habe,"belongings, possession"
nein,no
an,"on, upon, at, in, against"
noch,"still, yet (up to and including a given time)"
da,there
Dir,alternative letter-case form of dir
nur,"only, just, merely, simply"
einen,to unite
sich,Reciprocal pronoun of the third person plural: each other (in both dative and accusative)
Hast,haste
sein,forms the present perfect and past perfect tenses of certain verbs
auch,"also, too, as well (in addition to whatever or whoever has previously been listed)"
ihn,(obsolete) dative of sie
schon,"already (happening rather early, continuing rather long)"
als,"at (approximately) the same moment, when, while, as"
jetzt,"now (at this moment, right now)"
gut,"good (acting in the interest of what is beneficial, ethical, or moral)"
mal,times (indicating multiplication of two numbers)
aus,out
um,about
dann,"then, after that"
IM,"initialism of Inoffizieller Mitarbeiter / Inoffizielle Mitarbeiterin (“unofficial collaborator”), an informant in the German Democratic Republic who delivered private information to the Stasi."
mein,my
doch,yes
alles,everything
weiß,white
Oder,"Oder (a major river in the Czech Republic, Poland and Germany)"
nach,"after, past (later in time)"
S,"The nineteenth letter of the German alphabet, called es and written in the Latin script."
werden,"will, to be going to, forms the future tense"
nichts,nothing
man,"one, you, they (indefinite pronoun, referring to people at large"
wo,where (at what place)
etwas,something
Muss,"necessity, a must"
oh,oh
mehr,something more
also,"so, therefore"
bei,"by, near"
immer,always
bitte,"please, if you please (used to make a polite request or affirm an offer)"
warum,why
vor,"in front of, ahead of (relative location in space)"
los,"rid of, free of"
können,"to be able (to do or be something), to have the possibility of, can."
wieder,again
sagen,to say (to pronounce
machen,"to make, to produce, to create (an object, arrangement, situation, etc.)"
alle,finished
sehr,very
Mann,"man, male human being"
okay,OK
gehen,"to go, to walk"
denn,for
zum,"contraction of zu + dem, literally “to the"
tun,to do (to perform or execute an action)
danke,"thanks, thank you"
sehen,to see
wer,who (what person or people)
vielleicht,"perhaps, maybe"
einer,one
über,"[with accusative or dative] above, over (spatially)"
wissen,to know
müssen,to have to (do something)
wirklich,real
Soll,debit
nie,"never, never at all (referring to an indefinite period of time)"
weg,away
kein,no
Des,D-flat
Würde,dignity
einfach,easy
leben,"to live, to be alive"
AM,acronym of Anwendungsmanagement
viel,"much, a lot"
kommen,to come
Zeit,time (as a concept)
nun,"now, at this moment"
dein,"thy, your (esp. to friends, relatives, children, etc.)."
weil,"because, given that"
heute,today
wollen,wool
damit,"therefore, as a result"
Frau,woman (adult female human)
ganz,"entire, whole, complete"
bis,until
sicher,"safe, secure (not dangerous or in danger)"
zurück,"back, backward, backwards, to the rear."
dieser,"this one, this"
leid,"distressing, uncomfortable"
lassen,to allow
Macht,"power, authority"
na,"well!, so!"
Gott,god
meinen,"to opine, to think"
hallo,hello
Seine,Seine (a river in France)
zwei,two (numerical value represented by the Arabic numeral 2
zur,"contraction of zu + der, literally “to the (feminine)”"
genau,exact
Vater,father
Morgen,morning (part of the day from dawn to noon)
Leute,"people (several individual persons, a group of people in general, esp. of one kind or another), folk (folks), peeps (slang), guys (boys and/or girls)"
klar,clear
ab,beginning at that time or location
Tag,day (a 24-hour period)
gerade,even
schön,"beautiful, lovely, pretty, handsome"
Glaube,"belief, faith"
Liebe,love (tender feeling of affection)
Geld,money
durch,by means of
reden,"to talk, to speak, to orate"
jemand,"someone, somebody"
raus,"out, out of there, outta there"
ob,"Introduces an indirect question, a doubt. if, whether."
Mutter,mother
paar,some
passiert,sieved
wohl,"possibly, probably"
selbst,"personally, by oneself"
her,"hither, to this place, to here, to me/us"
ohne,without
Nacht,night
meiner,mine (substantival possessive)
wieso,why
finden,to find
dort,"there, yonder"
helfen,to help (someone)
lange,"long, for a long time"
Gute,nominalization of gut
Ordnung,"arrangement, regulation"
geben,to give (changing ownership)
weiter,"further, farther, more"
natürlich,"natural, normal"
ins,contraction of in (“(in)to”) + das (“the”) (accusative singular neuter)
gar,"cooked, done (of food such as meat or vegetables: ready for consumption)"
richtig,"correct, accurate, right"
vom,"contraction of von + dem, literally “from the, of the”"
Denke,"way of thinking, mindset, mentality, attitude"
seit,since
gleich,equal
hören,to hear (to perceive sounds (or a sound) through the ear)
ach,"oh, alas (expressing surprise, sorrow, or understanding)"
Mädchen,girl
davon,"from it, from that, therefrom, off it, off that"
recht,"right, right-hand (direction)"
dafür,"for that, for it"
wegen,"for, because of"
hin,"there, thither"
Warte,"lookout, guarding post"
drei,three (numerical value represented by the Arabic numeral 3
abend,Formerly standard spelling of Abend which was deprecated in the spelling reform (Rechtschreibreform) of 1996.
Freund,friend
sollen,should
Haus,"house, building"
bleiben,to remain (to continue to be)
Musik,music
unser,our
Angst,fear
schnell,"quick, fast"
tot,"dead, deceased"
Welt,world
zusammen,"together, jointly"
unter,under
Scheiße,"feces, shit"
nehmen,to take (something into one's possession or on one's body)
Herr,"man, gentleman"
Andere,nominalization of andere: the other / different one (female)
rein,"pure, clear, plain"
bringen,"to bring, to fetch, to take, to convey, to bear"
essen,to eat
glauben,to believe something (to consider true)
genug,"enough, sufficient, an adequate number or amount of"
Junge,boy
stimmt,correct
brauchen,"to need, to be in need of, to require"
gegen,against
Moment,moment
erst,"first, at first"
einmal,"once, one time (one and only one time)"
sonst,otherwise (under different circumstances)
niemand,"nobody, no one"
Arbeit,"toil, regularly performed work, regularly pursued economic activity, labor, job, employment, occupation"
warten,to wait (for)
dabei,"with one, on one"
fragen,to ask
sofort,"immediately, at once"
halt,"stop!, wait!"
verdammt,damned
Ihrer,yours (polite/formal
bevor,before
Sohn,son
Familie,family
jeder,each
sprechen,"to speak (some language, the truth, etc.)"
gefunden,"found, located"
Sache,"matter, affair, case, question, issue"
Problem,problem
fertig,ready for use
allein,alone
wann,when
Bruder,brother
Hilfe,"help, aid"
halten,to hold (an object in one's hands)
Hatten,"Hatten (a municipality of Oldenburg district, Lower Saxony, Germany)"
Kind,kid
darüber,"above, above it/this/that"
wahr,"true, real"
beim,"contraction of bei + dem: at the, by the, etc."
NE,ISO 3166-2:CH code of Neuenburg (canton)
beide,both
denken,to think
daran,"on it, on that"
dazu,"in addition to it, in addition, besides"
deiner,"yours, thine (substantival possessive)"
Fall,"fall, drop (the act of falling or an instance thereof)"
Lieber,dear
eigentlich,Used to frame a statement as being a more (formally) truthful description of the situation in comparison to another claim or assumption
bekommen,to receive
dank,"thanks to, because of, courtesy of"
vergessen,to forget (lose remembrance of)
kennen,to know
Frage,question (interrogative sentence or phrase)
gern,willingly
Stadt,city (a large settlement)
Sage,"saga, legend, myth, story, tale"
Kopf,head
egal,"all the same, unimportant"
letzte,last
Namen,"Namur, a city in southern Belgium."
töten,to kill
fahren,to go at speed
all,all
n,nonstandard form of 'n
später,later
Uhr,"hours, o'clock (indicates the time within a twelve- or twenty-four-hour period)"
Ende,"end, finish"
Baby,baby (infant)
Glück,"happiness, joy, bliss (state or emotion)"
Freunde,friends
bisschen,(a) bit
sterben,to die
darauf,after (behind
bald,soon (near in time)
echt,"authentic, genuine, true"
bereit,ready
eins,one (numerical value represented by the Arabic numeral 1
runter,"down, down here, downstairs (towards the speaker)"
seiner,his (substantival possessive)
Polizei,police
Auto,car
stehen,"to stand (to be upright, support oneself in an erect position)"
weit,wide
draußen,outside
Tür,door (rigid plane on a hinge)
Dad,dad
verrückt,"crazy, mad"
Kerl,"fellow, guy, chap, bloke"
vorbei,"over, past, up (of time)"
treffen,to meet
hi,hi
Ahnung,"anticipation, inkling"
Teufel,"the Devil, Satan (supreme evil spirit in the Abrahamic religions)"
hinter,"behind, after"
fast,almost
Name,"name (forename, Christian name, given name)"
arbeiten,to work (to do a specific task by employing physical or mental powers)
gerne,"don't mention it, not at all, you're welcome"
dran,to be in a particular situation
ziemlich,"pretty, quite, rather, fairly, kind of"
ruhig,quiet
sorgen,"to take care of, to care for, to look after"
Tochter,daughter
toll,"great, nice, wonderful"
sogar,"even, actually, in fact"
überhaupt,"overall, in general"
he,An exclamation to get attention
spät,late
Hand,hand
drin,inside
Schau,show
Mama,"mum, mummy, mom, mommy"
lang,long
verloren,"lost, missing"
Art,"kind, sort, type"
verstehen,to understand
darum,"around it, around that"
Job,"job, position, employment"
Ruhe,"calm, relative quietness (absence of loud sounds)"
woher,"where from, whence"
spielen,to play (engage in some activity for fun or entertainment)
Idee,idea
suchen,"to search, to look for"
je,ever
Grund,"ground, land (usually as someone's property)"
versuchen,"to try, to attempt (often with an uncertain result)"
Jahr,"year (solar year, the time it takes the Earth to complete one orbit of the Sun)"
Wasser,water (H₂O)
gewesen,former
endlich,"finite, limited"
Schwester,sister
keiner,none
wenig,"little, few (a small amount, a small number)"
Tod,death
oben,above
Geschichte,history
erste,first
Alter,"age, old age"
kurz,"short, quick, brief"
niemals,never (at no time)
ah,expressing understanding
fünf,five (numerical value represented by the Arabic numeral 5
welche,some
hoch,"high, tall"
etwa,approximately
Land,country (territory of a nation)
stunden,to defer (due date
holen,"to (go) get, to fetch (to go somewhere and take something to bring back)"
schwer,"heavy, weighty"
verlassen,"to leave, to abandon"
anders,"different, differently"
gestern,yesterday
Wahrheit,truth
vier,four (numerical value represented by the Arabic numeral 4
mom,"gimme a sec, hold on"
Ort,"place, location, point, position"
Zimmer,"room (separate part of a building, enclosed by walls, a floor and a ceiling)"
während,while (at the same time as)
deshalb,therefore
Seite,side (a bounding straight edge of a two-dimensional shape)
Krieg,"war, warfare"
zeigen,"to show, make see"
gefallen,to please
Spiel,a game (instance or way of playing)
Woche,"week (period of seven days counting from Monday to Sunday, or from Sunday to Saturday)"
nett,nice
denen,"(to) whom, (to) which, that"
bestimmt,certain
zwischen,between
Wagen,a wheeled vehicle for transporting anything
Guter,nominalization of gut
Schatz,treasure
Schuld,debt
erzählen,"to tell, to narrate, to recount"
Spaß,fun
Tage,"period, that time of the month (female menstruation)"
manchmal,sometimes
Beste,best (female person)
Chance,chance
Entschuldigung,apology (expression of remorse or regret)
Anderes,nominalization of andere: the other / different thing
schlecht,"bad, evil, wicked (the opposite of good"
äh,an exclamation of disgust
ernst,"serious, severe, grave"
eben,"flat, smooth, even (of a surface)"
schlafen,to sleep
entschuldigen,to excuse (something or (formal) someone)
Bett,"bed (piece of furniture, usually flat and soft, for resting or sleeping on"
Wort,word as an isolated unit
Gesicht,face
Typ,type
unten,below
mensch,"one, they (indefinite third-person singular pronoun)"
Miss,Miss (form of address)
Kleiner,"boy, young man"
Teil,"part, piece (of a whole, often in relation to living things or an abstract concept)"
TU,"initialism of Technisch Universität, a university of technology."
trinken,"to drink (to drink liquids (in bottles, glasses, etc.) by mouth)"
Herz,heart
Papa,"dad, daddy"
stellen,"causative of stehen: to put, place, position (someone or something) such that it stands upright"
wichtig,"important, relevant, significant, weighty"
euer,your (addressing two or more people informally)
Blut,blood
Schule,school (an institution dedicated to teaching and learning (especially before university)
bloß,"mere, sole"
Wiedersehen,reunion
glücklich,happy
frei,free
Ding,thing
Arsch,"arse, posterior, buttocks"
oft,often
wohin,"where to, whither"
alt,old
Waffe,"weapon, arm"
Sorge,"concern, care, responsibility, aid"
fest,firm
Platz,"square, plaza, piazza"
Eltern,parents
kriegen,to get
daß,Formerly standard spelling of dass which was deprecated in the spelling reform (Rechtschreibreform) of 1996.
möglich,possible (what can be done or achieved)
drauf,high
falls,"if, in the event that"
irgendwie,somehow (in some unknown or unspecific manner)
jungen,to give birth
Alten,a surname
Nummer,number
wahrscheinlich,"likely, probable, plausible"
Dollar,dollar
ehrlich,"decent, honorable, honest"
hierher,"to here, here (to this place), hither"
setzen,to sit down
zuerst,"first, firstly"
falsch,"false, unfactual, untrue"
Menge,quantity
bereits,already
Hölle,hell
Pass,"pass, mountain pass"
außer,except
früher,"former, erstwhile, previous (that which once was, but no longer is)"
Rede,"speech, address"
gegeben,given
Telefon,telephone
Schiff,ship
früh,early
sondern,"rather, but (instead)."
Scheiß,shit (feces)
willkommen,welcome (received with gladness)
kaum,"barely, hardly (qualifying verbs or adjectives)"
Doktor,doctor
lieben,"to love, to have a strong affection for (someone or something)"
Fehler,"fault, error, mistake"
retten,"to save, to rescue"
Stunde,hour (unit of time consisting of 60 minutes)
dürfen,to be allowed (to do something)
sechs,six (numerical value represented by the Arabic numeral 6
plan,"planar, flat, level, smooth"
Hund,"dog, hound"
zehn,ten (numerical value represented in Arabic numerals as 10)
langsam,slow (taking a long time to move or travel
Film,film (a thin layer of some substance)
Ruf,"call, shout, cry"
geworden,"become, got"
schaffen,"to create, to call into being"
überall,everywhere
voll,full
Feuer,fire (chemical process)
Büro,office (room for working)
direkt,"direct, straight, without deviation or interruption"
Kumpel,miner
trotzdem,"anyhow, nevertheless"
Hm,abbreviation of Höhenmeter (“vertical meter”)
erinnern,to remind
lernen,"to learn, to acquire knowledge"
laufen,to walk
König,"king (monarch, chess, card games)"
new,obsolete spelling of neu
Tat,deed
nennen,to name (to give a name to)
aufhören,to listen up
deswegen,"therefore, because of that"
danach,"after it, after that"
verlieren,"to lose (something, or a game)"
Neues,nominalization of neues: something new
völlig,"complete, total, utter"
leider,unfortunately
Luft,"air, atmosphere"
Stelle,"location, spot (specific location in space, relevant in context but typically otherwise unmarked)"
ziehen,to pull
verschwinden,"to disappear, to vanish, to move out of view"
heiraten,to marry
groß,"big, large, large-scale"
gebracht,"brought, carried"
krank,"ill, sick (in bad health)"
Kaffee,coffee (beverage made by infusing coffee beans in hot water)
Straße,street
froh,glad
wert,"worth, worthy of"
rufen,"to call out, to shout, to cry (of a person or animal)"
Erde,earth
Suche,search
Buch,book (collection of sheets of paper bound together to hinge at one edge
Stück,"one, item, piece, unit(of something countable"
getroffen,"hit, struck, met"
tagen,to meet
nochmal,once again
nachdem,after (that)
Arzt,"doctor, physician (male or of unspecified gender) (without necessarily having a postgraduate degree)"
vertrauen,"to trust, to place confidence in"
drüben,over (implying some distance from the listener)
Himmel,sky
erklären,"to explain, to make clear"
interessiert,interested
irgendwo,somewhere
Nachricht,"news, piece of news, notification"
tja,"well, hmm"
Gutes,nominalization of gut: something good
Onkel,uncle
genauso,"just as, just the same"
geschafft,exhausted
Großer,great (referring to a male)
I,"The ninth letter of the German alphabet, written in the Latin script."
Licht,light (electromagnetic radiation in the visible spectrum)
Körper,"body (of a person, animal, etc.)"
kaufen,"to buy, to purchase"
weniger,less
Wahl,"choice, selection"
damals,at that time (in the past)
Rest,"rest, remainder, remnant"
Gefühl,feeling (either physical sensation or emotion)
zwar,"Signals a following contrary clause, which is usually introduced with aber (“but”), stressing that the speaker is aware of the contradiction, but that it does not invalidate the statement."
passieren,to happen
Schlüssel,a key
sitzen,to sit
weh,"sore, painful"
leicht,light (not heavy)
kümmern,"to take care, to look after"
gefragt,in demand
Zukunft,future
schauen,"to watch, to view (a movie or other performance)"
Party,party (social gathering)
total,"total, absolute, complete, utter (not used in the sense of “entire”)"
Opfer,sacrifice
Versuch,attempt
Gefängnis,"prison, jail (building)"
cool,cool (in its informal senses)
schreiben,"to write, to write out (use letters to make words and texts)"
vorsichtig,deliberate (not hasty or sudden)
o,O
wovon,"about what, what ... about"
großartig,"terrific, superb, etc."
Laut,any sound
vorstellen,"to introduce (someone), to present"
Sinn,sense
Schöne,nominalization of schön
sobald,"as soon as, by the time"
Krankenhaus,hospital
Wohnung,domicile
tragen,"to carry, to bear (something on one's person)"
Person,"person, individual"
böse,evil
Mist,manure (domestic animals’ excrement mixed with hay)
Michael,a male given name of common usage
super,"super, great, awesome"
stark,"strong (intense, powerful, unyielding)"
still,"quiet, silent"
Mund,mouth of a person
verletzt,"hurt, injured"
Boss,"boss (person in charge, supervisor)"
Boden,"ground, soil"
Sex,sex (sexual intercourse)
kämpfen,"to fight, to struggle"
fühlen,"to feel (a thing, sensation, emotion - a noun)"
außerdem,in addition
lustig,"funny, humorous"
ändern,"to change, to alter"
fliegen,to fly
klasse,"great, awesome"
solange,meanwhile
schicken,"to send, to dispatch (a person, letter, money etc. to a destination or a person)"
jemals,ever
stolz,proud
besonders,"especially, particularly"
Idiot,idiot
Sicherheit,certainty
eher,rather
umbringen,"to kill, to murder, to do away with"
wenigstens,at least
anrufen,"to call, to ring (by telephone or similar technology)"
Zeug,"stuff, gear, equipment"
gestorben,deceased (no longer alive)
ähm,Um
Hasse,synonym of Burenwurst
hart,hard
erwartet,"expected, anticipated"
heißen,to have a name
Mörder,"murderer, assassin, assassinator, killer, slayer (male or of unspecified gender)"
lachen,to laugh
A,"The first letter of the German alphabet, written in the Latin script."
führen,to lead
heraus,out of (in the direction of the speaker)
Stimme,"voice (speaking or singing), call of an animal"
geschehen,to occur
erfahren,"to find out, learn, to come to know"
Geschäft,"shop, store (establishment that sells goods or services to the public"
hinten,behind
Stand,"standing, state, status, position, situation"
acht,eight (numerical value represented by the Arabic numeral 8
Liebling,"darling, (my) dear"
mögen,to like (something or someone)
fallen,"to fall, to drop"
lesen,"to read (to look at and understand symbols, words, or data)"
frank,frank
Meinung,opinion
folgen,to follow (on the same path or in a sequence)
Schluss,"end, ending, conclusion, finish"
unglaublich,"unbelievable, incredible"
vorher,"beforehand, previously, before (a previously mentioned point or action)"
Verzeihung,forgiveness
Arschloch,arsehole
schlimm,"bad, terrible, serious (seriously bad), dire, horrible, awful"
aufs,"contraction of auf (“on”) + das (“the”) [with accusative] on the, upon the, onto the"
Peter,"a male given name, feminine equivalent Petra"
unmöglich,impossible
Kampf,"struggle, battle, campaign, fight"
laden,"to load (something) e.g. into a container or onto a vehicle, to load up"
Nähe,"nearness, closeness"
Team,team
Bild,"depiction, image, picture"
verdient,deserved
behalten,"to keep, to retain (money, items, etc. in one's possession)"
bitten,"to ask, to beg, to plead, to bid, to request"
tatsächlich,"actual, real, factual"
anfangen,to begin
Mord,murder
fort,away
perfekt,perfect
Tom,a male given name from English
sieben,seven (numerical value represented by the Arabic numeral 7
plötzlich,"suddenly, abruptly"
geschickt,"adept, habile, skillful, clever"
Tisch,table (a piece of furniture with a relatively deep surface at roughly waist or knee level)
liegen,to lie (to be in a horizontal position)
Antwort,answer
bezahlen,"to pay, give money"
gefährlich,"dangerous, hazardous"
Traum,dream
Auge,eye
General,general (officer in any general rank)
dumm,"dumb, stupid"
Hotel,hotel
verkaufen,to sell (something in exchange for money)
Ziel,target
obwohl,"although, though, while"
Ärger,"annoyance, anger"
Fenster,window
Handy,"mobile phone, mobile, cell phone, phone (portable, wireless telephone)"
Bewegung,motion
dagegen,"against it, against that"
nötig,necessary
gewinnen,to win
Max,an a popular diminutive of the male given name Maximilian
voller,full of
verheiratet,married (in a state of marriage
Rum,rum
neu,new
Mike,a male given name
welcher,which
Augenblick,"moment, instant, blink of an eye (very short period of time)"
komisch,"comedic, comic, pertaining to comedy"
Gefahr,"danger, hazard, peril, risk"
Entscheidung,decision
Meister,master
unterwegs,"on one’s way, underway, en route, in transit, going, travelling"
Leiche,"dead body, corpse, cadaver, carcass"
Zug,procession (larger group moving together along a common route)
ma,pronunciation spelling of mal
Chef,"boss, chief"
Gleiche,equality
Bier,beer (alcoholic beverage fermented from starch material
arm,poor (having little money)
Klappe,"flap, every technical or natural implement that is bound in front of something or a body part of someone or a beast to obstruct leakage or immissions in either direction and is removed under preintended conditions."
fangen,to catch (grab something flying in the air)
absolut,absolute
schlimmer,worse
Kamen,"a municipality of North Rhine-Westphalia, Germany"
Minute,minute (unit of time
zahlen,to pay
benutzen,to make use (of)
Anfang,"start, beginning, origin (spatially or temporally)"
Finger,finger
Zuhause,"one’s living premises, home"
legen,to lie down
weiss,Switzerland and Liechtenstein standard spelling of weiß
naja,well
regeln,to regulate
herum,"about, around."
rüber,over here
David,David
klein,"small, little, wee (in physical size or extent)"
wach,awake
irgendetwas,anything
Paris,Paris (the capital and largest city of France)
offen,open
schönen,to massage
tanzen,to dance
kalt,"cold, chilly"
Partner,"partner, associate (male or of unspecified gender)"
Reise,"journey, travel"
Dame,lady (woman of good breeding and manners)
Bescheid,"notification, information"
Raum,space
schießen,to shoot
Rolle,"roll, reel, spool"
Monat,"month (division of a year, usually one twelfth ≈ 30 days)"
nen,nonstandard form of 'n
müde,tired
schlagen,to beat
Informationen,lowdown
Lage,"location, position"
Hochzeit,"wedding, marriage (a ceremony in which people are married and/or a celebration thereof)"
ständig,"permanent, constant (without breaks)"
Weise,"way, manner"
gewonnen,"gained, won"
Richtung,direction
süß,sweet
heiß,hot (having a high temperature)
wozu,"for what reason, to what purpose, what for, why?"
Harry,a male given name
Lauf,"run, race"
Anwalt,"attorney, lawyer"
Agent,"agent (male or of unspecified gender) (intermediary for certain services, such as for artistic performances or public relations)"
Aller,a river in Germany
Paul,"a male given name from Latin, feminine equivalent Paula, Paulina, or Pauline, equivalent to English Paul"
gelernt,"skilled, trained"
wunderbar,wonderful
Beispiel,example
Weile,"while (uncertain duration of time, period of time)"
Vorsicht,"caution, cautiousness"
Seele,soul
selber,"self (as in myself, yourself, himself etc.)"
erledigt,completed
Ehre,honour
fürs,contraction of für (“for”) + das (“the”)
ansehen,"to look at, to have a look at (taking in information in doing so)"
Kraft,"power, force, strength"
links,on the left
herzen,"to hug, embrace"
bekannt,"known, familiar"
wofür,"for what, wherefore, why"
Boot,boat
darin,"in it, in that, therein"
Kontrolle,inspection
dahin,there (to or into that place
Rücken,back
Befehl,"command, order"
Sucht,addiction
bar,bare
hübsch,"pretty, handsome"
tief,deep (having a long distance to the bottom
Foto,photograph (picture created by projecting an image onto a photosensitive surface)
Brief,letter (written message)
verliebt,"in love, enamored"
irgendwann,"sometime, somewhen, anytime"
näher,"further, more precise or detailed"
Tasche,bag
Ehe,marriage (state of being married
Unfall,accident
Verbindung,connection
Geschenk,"present, gift"
jedenfalls,in any case
Punkt,dot (marking an abbreviation)
verschwunden,disappeared
hoffentlich,hopefully (it is hoped that)
schrecklich,"awful, terrible, horrible"
Geist,spirit
sowieso,"anyway, anyhow, in any case"
Professor,professor
Gold,"gold (chemical element, Au)"
zumindest,at least
beweisen,to prove
bisher,"so far, until now, as yet"
öffnen,to open (to make something accessible or allow for passage by moving from a shut position)
versteckt,hidden
unbedingt,absolute
Computer,"computer (programmable electronic device that performs mathematical calculations, logical operations, and usually also data retrieval/storage)"
sonne,"contraction of so eine (“such a”) (so, ein)"
reich,"rich, wealthy (having a lot of money and possessions)"
Hunger,hunger
Lady,"lady, Lady (British noblewoman)"
Preis,price
lügen,to tell a lie
Firma,"A company, a business."
normal,"ordinary, normal"
neben,"next to, beside, alongside, adjacent to, near, near to"
Wette,bet
Wunder,miracle
Pferd,horse
beschützen,"to protect, to guard, to defend"
Frieden,peace
erreichen,to reach (to attain by stretching)
Aussehen,"look, appearance"
verkauft,sold
erwarten,"to expect, to consider likely"
Haut,"skin, hide of a person, animal or (part of a) plant"
traurig,sad
seltsam,"strange, weird, odd, funny, curious"
Henry,henry (unit of electrical inductance)
Süße,sweetness
jung,young
Liste,list
Tolle,tuft (of hair)
Sekunde,A unit of time
tschüss,"bye, cheers, ciao"
Großes,nominalization of groß: something big
Karte,"card (flat, normally rectangular piece of stiff paper, plastic etc.)"
ans,contraction of an (“on(to)”) + das (“the”)
schade,"a pity, a shame"
Anruf,"a call upon, an appeal (e.g., to gods, a court, etc.)"
Letzter,the last one (male or of unspecified gender)
Beziehung,"relation, relationship, connection"
bewegen,to motivate
rechts,on the right
willen,only used in um … willen
wütend,"furious, angry"
persönlich,personal
Nachrichten,news
Präsident,president
muß,Formerly standard spelling of muss which was deprecated in the spelling reform (Rechtschreibreform) of 1996.
Madame,madam
Bleibe,"abode, accommodation, residence"
Witz,joke
Geburtstag,birthday
entfernt,distant
Untertitel,subheading
verraten,"to betray, to be disloyal to"
Möglichkeit,"possibility, likelihood"
Wein,wine
vermutlich,"suspected, presumable, assumed"
Bord,shelf (board fixed to the wall)
Nick,a diminutive of the male given name Nikolaus
Nase,nose
Bank,bench (which people sit on)
offensichtlich,obvious
Blick,"glance, look"
verändert,"changed, altered"
HAU,"acronym of Hebbel am Ufer, a theater company and various performance centers in Berlin, Germany"
Alex,"a male given name, equivalent to English Alex"
singen,to sing
Geheimnis,secret
beschäftigt,busy (engaged in an activity
Flugzeug,aeroplane
Fuß,foot (body part)
diesmal,this time
vermisst,missing (of unknown whereabouts)
Tante,aunt
ha,Expresses laughter.
Schlaf,sleep (condition of reduced consciousness)
Regierung,government/administration
sauer,sour
Armee,army (large tactical contingent consisting of several divisions)
Majestät,majesty
Kirche,church (building)
Drogen,drugs
Jesus,Jesus
Kontakt,contact
Ben,a diminutive of the male given name Benjamin
gegenüber,opposite
miteinander,together (with)
Hoffnung,"hope, the belief or expectation that something wished for can or will really happen."
wunderschön,"gorgeous, very beautiful"
ermordet,murdered
Schicksal,"destiny, fate (irresistible power that predetermines events)"
Stecken,stick
Schlag,"blow, hit"
Lust,desire
geliebt,loved
Gericht,court (of justice)
ran,"near, close to, over to"
kaputt,"destroyed, broken, out of order"
sauber,clean
nämlich,"(the) very same, selfsame (as was mentioned or described previously"
erhalten,"to receive (something given, sent, won, etc.)"
brachte,brought
Gesellschaft,company (presence of other people in general)
lieb,lovable
Zeichen,"sign, token (object representing something)"
übrigens,"apart from that, else, for the rest, for everything else"
interessant,interesting
gehören,"to belong to, be the property of"
Volk,"people, nation, folk, tribe, race (group united by culture, history, descent, and/or language)"
anderer,"other, different"
erledigen,"to free, to liberate, to release"
antworten,"to answer, to reply"
Überraschung,surprise
Tee,"tea (drink made by infusing parts of a plant, especially leaves or buds of Camellia sinensis, in water)"
soweit,as far as (in the scope in which something holds)
Schlampe,"unkempt woman, one who is lazy in grooming her body or her domestic environment"
besorgt,worried (thinking about unpleasant things that have happened or that might happen)
indem,by (indicates a means)
Achtung,attention
verstecken,to conceal
ewig,"eternal, everlasting"
Show,"show, spectacle"
Don,"Don (a river, the fifth-longest in Europe, in Tula, Lipetsk, Voronezh, Volgograd and Rostov Oblasts, Russia, flowing 1160 miles to the Sea of Azov)"
herausfinden,to find out
Weihnachten,Christmas
Sarah,Sarah
namens,"by the name of, named"
überleben,to survive
gelassen,calm
Heim,"home, one’s dwelling, the place where one is at home"
entweder,either (only with oder)
Sheriff,sheriff
Vergangenheit,the past (time)
Situation,"situation, circumstances"
weder,neither (only with noch)
Wald,forest
jawohl,yes
FBI,FBI (Federal Bureau of Investigation)
zuvor,"before, previously"
Besuch,"visit, call"
Amerika,"America, the Americas (a supercontinent consisting of North America, Central America and South America regarded as a whole"
Bob,a male given name from English
teilen,"to split, to share"
schuldig,"[with genitive] guilty (of), culpable"
Schwein,"swine, pig"
beginnen,to begin
Schritt,"step, footstep (a single instance of walking)"
Gebäude,"building, edifice, structure"
entscheiden,"to decide, to make a decision"
Hals,neck
Verstand,intellect
zweite,second
ungefähr,approximate
drinnen,inside (a room)
passen,to fit
herein,in (in the direction of the speaker)
Vergnügen,"joy, pleasure"
Schönes,nominalization of schön: something beautiful
Güte,"kindness, clemency"
übrig,"rest of, remaining"
überrascht,surprised
aufhalten,"to halt, to stop"
worauf,whereupon
Ehemann,"married man, husband"
besuchen,"to visit, to see"
Ganzes,whole
Brauch,custom
Insel,"an island, an isle"
Glas,glass
werfen,to throw
erkennen,"to recognize, perceive"
nervös,nervous (anxious)
verantwortlich,responsible
Königin,queen
Kamera,camera (device for taking photographs or filming)
zerstören,"to destroy, demolish, devastate, eliminate"
witzig,"funny, humorous, witty"
wohnen,"to live, reside, dwell (to remain or be settled permanently, or for a considerable time)"
irgendwelche,any (no matter which)
Anna,"a female given name, equivalent to English Ann"
schützen,to defend
Lag,"latency, lag (the delay between a request and its response)"
Prinzessin,"princess (female member of a royal family other than a queen, especially a daughter or granddaughter)"
Gesetz,"law, legal act, bill, statute"
Schöner,A native or resident of Schön
vorne,at the front
Freude,"joy, delight, glee"
Messer,knife
sowas,"that sort of thing, something like this"
gleichen,"to be like, to equal to, to resemble"
Glückwunsch,congratulation(s)
nahe,near
Aufgabe,"task, job"
neun,nine (numerical value represented by the Arabic numeral 9
Gegend,"area, region"
feiern,to celebrate
entschieden,"determined, resolute"
Mission,mission (set of tasks)
Küche,kitchen (room)
Erster,winner (person in first place) (male or of unspecified gender)
Ball,"ball (round or roundish object, most commonly used in games)"
übernehmen,"to take over (a task, a position, responsibilities from someone else)"
mitnehmen,to take with
Unsinn,nonsense
Stopp,"stop, stoppage (interruption or halt of anything)"
pro,"per, each"
gemeinsam,"common, mutual, shared"
Lied,song (musical composition sung with vocals or vocal lyrics)
melden,"to report, to inform (about an incident or condition)"
Spur,trace (rest of something that indicates its former presence
Rat,"advice, counsel"
Adresse,address
Dorf,village (rural habitation of size between a hamlet and a town)
Hälfte,half
M,"The thirteenth letter of the German alphabet, written in the Latin script."
allerdings,"but, however"
Position,"position, location"
bedeuten,"to imply, to mean, to signify, to indicate, to spell, to betoken"
bewegt,"agitated, disturbed"
Gruppe,group
Monster,monster
Respekt,"respect, regard, reverence"
London,London (the capital city of the United Kingdom
Feind,"enemy, fiend, foe (male or of unspecified gender)"
verzeihen,to forgive
Band,"tape, ribbon"
abendessen,"to sup, to have supper (the evening meal)"
statt,instead of
besorgen,"to deal, to manage, to procure"
drehen,to turn
Mark,mark (any of various European monetary units)
worüber,generally corresponding to über was
davor,in front of that/it
Freiheit,freedom
schließen,to shut
nah,"near (in space or time or in an abstract sense), close, nearby"
nachts,"at night, nights"
zufrieden,"satisfied, content, happy (with something)"
Martin,"a male given name from Latin, equivalent to English Martin"
gefangen,caught
Brücke,bridge
leisten,"to perform (a task, work), to accomplish (a task), to achieve (a goal)"
Verbrechen,"a felony, indictable offence"
Armen,strong genitive/accusative singular and dative plural of Armer
Drink,"an alcoholic drink, especially one containing liquor and some other liquid, like a cocktail or long drink"
Meer,sea
Eis,ice
Kleid,"dress, gown (kind of woman's garment)"
Schmerz,"physical pain, ache (practically, as a sensation)"
stimmen,"to be right, to be correct, to be proper, to be true"
gesund,healthy (enjoying health)
Richter,judge
leise,"quiet, soft, low"
Wind,wind
danken,to thank
Bericht,"report, account, news story"
Maria,"a female given name, equivalent to English Mary"
Ring,"a ring (a circular and hollow object, made of any material.)"
sorry,sorry (expressing regret)
entlang,along
furchtbar,terrible
einverstanden,"in agreement, agreeing"
übel,"bad, evil, terrible (not good, in quality or morality)"
betrunken,"drunk, inebriated"
Taxi,"taxi, cab"
Fernsehen,television
mitten,In the middle.
Erfolg,success
schwanger,pregnant (of humans)
Falle,"trap, snare"
Unternehmen,"business, enterprise, company"
beenden,"to finish, to complete, to (bring/put to an) end"
Deal,deal (often implying a dubious nature)
Träume,dreams
schwierig,"difficult, hard, challenging, tough"
Maul,mouth of an animal
dauern,"to last, to continue, to persist (for a period of time)"
genannt,"called, mentioned, named"
Maschine,machine
fantastisch,fantastic
Energie,energy
versprechen,to promise
t,"The twentieth letter of the German alphabet, called te and written in the Latin script."
Fleisch,flesh
aha,aha
schließlich,"in the end, finally, eventually"
ehren,to honor
Angriff,"attack, offensive, strike, assault, onslaught, raid, offence"
verdienen,"to make money, to earn"
Wochenende,"weekend (break in the working week, usually Saturday and Sunday)"
hängen,"to hang, to be suspended"
See,lake
Schloss,"lock, padlock (something used for fastening)"
halb,"half, halfway"
rennen,to run
Unterschied,difference
Quatsch,nonsense
geändert,changed
Angebot,"offer, proposition"
Daniel,Daniel (biblical book and prophet)
Neuer,a surname
Major,major
Bein,"leg of a person, animal, or object"
Au,apocopic form of Aue
Schuss,shot
Polizist,police officer (male or female)
Schätzchen,"darling, honey"
treten,"to step, to walk (a short distance)"
weinen,"to weep, cry"
schaden,"to hurt, to be harmful"
Fang,"catch, capture"
Fräulein,miss
schätzen,to estimate
brechen,to break
leiden,"to suffer, to experience pain, sorrow, etc."
Haufen,"heap, hive, pile"
Brüder,brethren
ernsthaft,"serious (important, weighty)"
daher,"from there, thence"
reichen,to reach (extend a certain distance)
Colonel,colonel
lächerlich,"ridiculous, risible, laughable"
dessen,"whose, of which"
aufpassen,"to watch out, to be alert"
zufällig,"random, by chance or stochastic"
Meter,meter (unit of length)
bauen,"to build, to construct"
vorwärts,"forwards, forward"
Tommy,"a Briton, particularly but not exclusively a soldier"
Park,"park (piece of ground in or near a city or town, enclosed and kept for ornament and recreation)"
Hut,hat
Loch,hole
Operation,operation
hinaus,out (away from the speaker)
Thomas,Thomas (biblical figure)
Zeitung,newspaper
Gehirn,brain
Wand,"wall, partition"
Richard,"a male given name, equivalent to English Richard"
verbringen,"to spend, to pass (a period of time)"
wünschen,to wish for
worum,about what
Gelegenheit,"opportunity, chance, instance, occasion"
entkommen,to escape
schreien,to shout
Bombe,bomb (explosive device)
angetan,be taken with something
gebrochen,broken
Mut,courage
Bus,bus (public transport)
Steig,climb (steep upward path)
Robert,"a male given name from Frankish, feminine equivalent Roberta, equivalent to English Robert"
Lüge,lie
weißen,to whiten
unterhalten,to maintain
Ecke,"corner, edge"
Flasche,bottle
gestellt,staged
Zeitpunkt,"moment (instant of time), point in time, a timepoint"
Lord,"lord, Lord (British nobleman)"
Verhalten,behaviour
Grad,degree
lächeln,to smile
Oma,"grandma, granny, nan"
Haar,"hair (a singular hair, not limited to the head)"
Nutzen,benefit
Schwanz,tail
Engel,angel
Gespräch,"conversation, chat, talk (conversing between people or parties, either for pleasure or for business)"
leer,empty
blöd,"stupid, dim-witted"
fassen,"to gird, to surround, to confine into a form"
Fahrt,drive
Interesse,interest (attention and concern)
Verantwortung,responsibility
Folge,sequence
Tor,"gate, archway (passageway covered by an arch, particularly one made of masonry)"
Robin,"a male given name, equivalent to English Robin"
Wart,"keeper, guard, one responsible for the upkeep and/or protection of something"
kosten,to cost
schmerzen,"to hurt, to ache (to cause physical/bodily pain, often of parts of one's own body)"
geschlossen,shut
System,system
funktionieren,"to work, function"
Sommer,summer
Club,club (association of members)
Keller,cellar
dorthin,"there (to that place), thither"
überprüfen,"to check, to verify"
Frühstück,breakfast
Mami,"mom, mum"
Druck,pressure
Schwert,sword
Dach,roof
gehalten,"restrained, low-key"
Wahnsinn,"insanity, madness"
Baum,tree
Auftrag,"assignment, job, mission"
Hintern,"The backside, bottom, butt, behind, hinder"
mitkommen,"to come with, to join and come along with (another person)"
Hose,trousers
Fisch,fish (cold-blooded vertebrates living in water)
Held,hero
rauf,"up, up here, upstairs (towards the speaker)"
Kugel,"a ball, usually solid"
Gewalt,strong or violent force
Kurs,course (direction)
Lösung,solution (answer to a riddle or problem)
Flug,flight (in the air)
gebaut,built
sprich,Used to introduce a (typically laconic) clarification or explanation
nachdenken,"to think, to reflect, to ponder"
Beweis,proof
vorhin,"earlier (a short time ago, typically between minutes and a few hours ago)"
freuen,"to gladden, to make glad, to make pleased"
Stein,"stone, rock"
Knast,"jail, the nick, the slammer"
Walter,a male given name
Katze,"house cat, Felis silvestris catus"
daraus,"out of it, out of that, of it"
Urlaub,"holiday, vacation"
Pause,pause (temporary interruption in speech or an activity)
Irre,the state of being wrong: now only in adverbial phrase in die Irre
Tier,animal (see usage notes below)
Nachmittag,afternoon (part of the day from about 2 p.m. to about 6 p.m.)
D,"The fourth letter of the German alphabet, called de and written in the Latin script."
Prinz,prince
Übersetzung,translation
Koffer,a case
hinterlassen,"to leave, to leave behind (after leaving a location)"
Fick,fuck (sexual act)
erklärt,"declared, avowed, professed"
Vogel,a bird
gemeint,intended
jagen,to hunt (game)
IS,"abbreviation of Islamischer Staat (“Islamic State, IS”)"
Wichser,"wanker, jerk, tosser (a habitual masturbator)"
erlaubt,"allowed, allowable, permissible"
küssen,to kiss
irgendjemand,"someone, somebody"
stören,"to disturb, to interfere, to bother"
hoffen,to hope
dankbar,"grateful, thankful"
seitdem,"since, ever since"
normalerweise,normally
übersetzt,"inflated, excessive"
Halbe,half-litre of beer
Natur,nature (the natural world)
atmen,to breathe
Risiko,risk
mindestens,at least (at a lower limit)
Bad,bath
beruhigen,"to calm down, to quiet"
schlechter,worse
prima,"great, super"
Karten,card game
vollkommen,perfect (fitting its definition precisely)
zeugen,"to beget, father, procreate"
entdeckt,"discovered, detected"
Erfahrung,experience (event through which empirical knowledge is gained)
steigen,"to ascend, to climb, to rise"
Runde,round (of drinks)
Mistkerl,bastard
Thema,"topic, subject, issue"
offenbar,apparent (evident)
Weiße,"one of a variety of beers, including the Bavarian weissbier, but especially the one called Berliner Weiße"
Gewissen,conscience (moral sense or faculty)
drüber,contraction of darüber
Date,date (romantic meeting)
Reihe,row
verfolgt,pursued
Großvater,grandfather
behandelt,treated
Van,van
Wunsch,wish (an act of wishing)
erschießen,to shoot dead
Pläne,"synonym of Ebene (“level surface, plain, flatland”)"
City,"city center, downtown, central business district"
morgens,"in the morning, a.m."
Rom,Rome:
Dienst,service
Emily,"a female given name from English [in turn from Latin], variant of Emilie"
Zufall,"chance, coincidence, randomness"
längst,"long ago, long"
Zustand,condition
Fluss,river
Wesen,"creature, being"
Arthur,a male given name from English
Amerikaner,"American (from America, the Americas, the American continent(s))"
eh,before
wahnsinnig,"mad, insane"
Rose,rose
Lee,leeward side of a ship (the side away from the wind direction)
nem,"contraction of einem (“a, an”, masculine/neuter dative singular)"
Szene,scene
schwarz,"black, reflecting little or no light"
Durcheinander,"mess, chaos, tumult"
weisst,Switzerland and Liechtenstein standard spelling of weißt
geplant,"proposed, scheduled, planned"
dringend,urgent
einigen,to unite or unify (for example a group of people)
Farbe,colour
fern,remote
Rachel,Rachel (biblical figure)
rot,red (colour)
vertraut,"close, intimate"
Labor,laboratory
Strand,beach
Mond,the Moon
hinein,in (away from the speaker)
Soldat,soldier
außerhalb,"outside (of), beyond"
Rache,revenge
Frankreich,France (a country located primarily in Western Europe)
Restaurant,restaurant
England,England (a constituent country of the United Kingdom)
angegriffen,attacked
überlegen,superior (higher in quality)
gelogen,untrue
Rechte,right (right hand or side)
Garten,"garden, yard (grounds at the front or back of a house)"
Kapitän,captain
ähnlich,"similar, alike, resembling"
anscheinend,apparently
Radio,radio (technology that allows broadcasters to transmit audio programs
verfolgen,"to pursue, to follow, to hunt"
zweimal,twice
Opa,grandpa
Louis,"a male given name, variant of Ludwig"
Erinnerung,memory (recall)
reisen,to travel
Direktor,principal (administrator of a school)
gang,"obsolete form of geh, singular imperative of gehen"
ME,abbreviation of Mieteinnahmen
Streit,"quarrel, dispute, fight, argument"
My,mu (Greek letter)
fuck,fuck!
überzeugt,"convinced (having conviction in a fact being true, especially in the face of disagreement)"
aufgeben,to give up on (one's efforts)
stehlen,to steal
weshalb,why
fair,"fair (just, honest, equitable, adequate)"
Fass,"barrel, keg, cask"
nerven,"to annoy, to irritate"
Verlangen,"desire, yearning, longing"
Sprache,"language (body of words, and set of methods of combining them)"
Scherz,joke
derjenige,he (who)
Vertrag,"contract, agreement"
abgesehen,"except (for), apart (from), other (than)"
Grenze,border
Braut,bride
Kate,"hut, cot, cottage"
lauter,sincere
Kuchen,pie
Bürgermeister,"mayor (leader of a city, male or unspecified sex)"
langweilig,"boring, dull, tedious"
College,"a college (any so-called institution in an Anglophone country, but most often in the North American sense)"
aufstehen,to get up (move from a sitting or lying position to a standing position
scheinen,to shine
womit,"with what, what…with"
Schande,"disgrace, infamy, dishonour"
Milch,milk (white liquid produced by female mammals for their young to consume)
Wache,"wake, vigil"
Zweifel,doubt
nirgendwo,nowhere (in no place)
gebrauchen,to use
Knie,knee
rauchen,"to smoke, give off smoke"
woran,"on what, at what"
Lager,"place where one sleeps, such as a bed or a spot in a barn, etc."
dadurch,"through it, through that"
lösen,to loose
nachher,"in a short while (in the near future, but not more than a few hours)"
Pflicht,duty
abholen,"to collect, pick up or fetch someone or something"
verflucht,cursed
umsonst,"free of charge, gratis"
entlassen,to release
Dreck,dirt
Anzug,"suit (of clothes), outfit"
erwähnt,mentioned
beeilen,"to hurry, to hasten, to rush"
Tatsache,fact (a true observation)
Sieg,victory
unschuldig,innocent
Test,test
Schutz,protection
Dreh,"nomen vicis of drehen: a turn, spin, twist, a single rotation"
ner,"contraction of einer (“a, an”)"
Programm,program (set of structured ideas or activities
Schulden,debt
Pistole,"pistol, gun"
hassen,to hate
schwach,"weak, lacking in strength"
verboten,"forbidden, prohibited, banned"
Schatten,"shade, shadow"
enden,to end
Stock,"stick (solid, wooden, broken off twig or small branch mostly clear of leaves or smaller twigs)"
Form,shape
klug,"intelligent, prudent, wise, smart, clever"
Erklärung,explanation
Knochen,bone
Kuss,kiss
Daten,"data, plural of Datum (“piece of information”)"
selbstverständlich,"natural, self-evident"
Akte,file (collection of papers)
handeln,to act
vergeben,to forgive
dunkel,dark
Blödsinn,"rubbish, nonsense"
Karriere,career (occupational path)
Krankheit,"sickness, illness"
englisch,English
Hexe,"witch, sorceress"
Aufmerksamkeit,"attention, mindfulness, attentiveness"
Großmutter,grandmother
Lisa,a female given name from Elisabeth
hingehen,"to go (elsewhere, to somewhere)"
erlauben,to allow
Pfund,"a metric pound, 500 grams, half a kilogram"
Bester,best (male person)
Kunst,art
innerhalb,"within, inside (of)"
Million,million (10⁶)
satt,"not hungry, satiated, full, done"
ebenso,"equally, as much"
wachen,to be awake
regen,to move (a small amount or unconsciously)
Trottel,"idiot, fool, boob, etc."
überlebt,outdated
Termin,date (day on which a certain event takes place)
komplett,"complete, entire (including all possible parts or elements)"
woanders,"elsewhere, somewhere else"
Hure,whore (female prostitute)
gebraucht,used
dennoch,"anyhow, however"
high,high (intoxicated with a drug other than alcohol)
Tritt,step
behandeln,to treat (medicinally)
Signal,signal
besprechen,to discuss (to converse or debate concerning a particular topic)
warm,warm
L,"The twelfth letter of the German alphabet, written in the Latin script."
verhindern,"to prevent, to inhibit, to keep (something) from happening."
kochen,"to cook, to prepare food (chiefly hot food for lunch or supper)"
kontrollieren,to check
Theater,theater (a place or building consisting of a stage and seats)
peinlich,"woeful, hurtful"
merken,"to notice, to sense, to be able to tell (the difference in a situation or state)"
zurückkommen,to return (to come back)
Voraus,legacy handed over to the heir before the leaver's death.
Grab,grave
schweigen,to be silent
Washington,"Washington, Washington State (a state in the Pacific Northwest region of the United States)"
spuren,to leave a trace
weiterhin,still
irgendein,some
schwimmen,to swim (to use swimming motions to move in the water)
Griff,"grasp, reach (act of trying to grab)"
bewusst,"conscious, aware"
Bastard,bastard (person born to unmarried parents)
schnappen,to snap (with one’s mouth)
schick,"elegant, dressy"
gäbe,synonym of annehmbar
Stuhl,a chair (to sit on)
Simon,Simon (biblical figure)
dick,thick
trotz,"in spite of, despite"
Video,video
Alkohol,"alcohol, ethanol (substance)"
freundlich,"friendly, benign"
Eric,a male given name
Selbstmord,suicide
Marie,a female given name
genießen,to enjoy (an experience)
teuer,"expensive, dear (high in price)"
desto,the (forming the parallel comparative with je)
Trage,"stretcher (simple litter designed to carry a sick, injured, or dead person)"
Einsatz,"something inserted, inset, inlay, compartment"
heiligen,to hallow
eifersüchtig,jealous
zulassen,to allow
Gast,guest
Toilette,toilet
Flughafen,airport
mitgenommen,"beleaguered, battered, weary"
Panik,panic
raten,to advise
Absicht,intention
lebendig,"living, alive, animate"
begleiten,to accompany
hä,huh? what?
Mühe,"effort, difficulty"
blind,blind
Rote,female Red (communist or socialist)
getrennt,"separate, apart"
annehmen,"to assume, to suppose (as given)"
Code,code
enttäuscht,disappointed (defeated of hope or expectation)
Emma,a female given name
zählen,to count (to determine the number of objects in a group)
Freitag,Friday
neulich,recently (in the recent past)
wählen,"to choose, to select"
definitiv,"definitive, conclusive, decisive"
Kevin,a male given name
stoppen,to stop
matt,dull (not shiny)
weitermachen,"go on, keep going, continue to do something"
Kohle,coal (material
Oliver,"a male given name, equivalent to English Oliver"
bieten,to offer
möglicherweise,"possibly, potentially"
verletzen,"to hurt, to injure (cause bodily harm to someone)"
beinahe,almost
Sonntag,"Sunday (the first day of the week in many religious traditions, and the seventh day of the week in systems using the ISO 8601 standard)"
Bestes,best (thing)
Vorstellung,"idea, image, representation (the transcript, image, or picture of a visible object that is formed by the mind)"
schlau,clever in a way that enables one to achieve one's goals
merkwürdig,"strange, odd"
B,"The second letter of the German alphabet, called be and written in the Latin script."
begraben,to bury (also figuratively)
Größe,"size, height"
Ohr,ear (the auditory organ)
Julia,a female given name from Latin
Killer,"killer, murderer (usually either a paid killer, contract killer, gunman, hitman or a serial killer, often in proper nouns, e.g., in tabloids)"
Medizin,medicine (the study of disease and treatment
ebenfalls,"also, likewise, as well"
Schüler,"pupil, student, schoolboy (male or of unspecified gender)"
mehrere,"multiple, several"
einander,Reciprocal pronoun of all three plural persons: each other
anhalten,to stop (cease moving)
Tanz,dance
Rechnung,"bill, restaurant bill"
überzeugen,to convince
Gegenteil,opposite (contrary thing)
Aussage,proposition
Schnauze,snout
ausgehen,to go out (to leave one's abode to go to public places)
erwachsen,"to grow up, to grow"
Lügner,liar (one who tells lies) (male or of unspecified gender)
konzentrieren,"to concentrate, to focus (one's mind or attention)"
Prozent,percent
Adam,Adam
aufmachen,"to open (a container, a door or window)"
aufgeregt,excited
einsam,"lonely, lone"
Star,starling
Trick,trick
Schönheit,"beauty, beautifulness"
Unterstützung,"support, assistance, backing, also endorsement"
Flucht,"escape, flight (act of fleeing)"
Norden,north (direction)
zwölf,twelve
untersuchen,"to examine, investigate (inspect or study carefully in order to reach a conclusion)"
Station,"stop, stopover, station (a place where one stops on the way"
Hoheit,Highness
klopfen,"to knock, to rap (strike rather gently with something hard)"
probieren,to try
scharf,sharp
Erlaubnis,permission (authorisation)
halben,"for the sake of, because of"
beobachten,"to watch, to observe"
reinkommen,to come in
Hof,"yard, court, courtyard (open area by a house or enclosed by houses)"
Ross,horse
Berg,"a mountain, hill"
fehlen,for there to be a lack [with dative ‘to someone/something’ and an (+ dative) ‘of something’] (idiomatically translated by English lack with the dative object as the subject)
Carl,"a male given name, a less common variant of Karl"
abends,"in the evening, at night, see Abend"
streiten,to argue
abhauen,to cut off (with a cutting weapon)
springen,to spring
spüren,"to sense, to detect, to perceive"
Botschaft,message
Stich,"sting, prick, stitch, stab"
verändern,"to alter, to change"
zuletzt,finally
unterschreiben,to sign (write one’s signature)
aufgenommen,recorded
locker,loose
Post,"mail, post (sent and received letters etc.)"
Brust,chest
trauen,to trust
antun,"to put on, to dress"
frisch,fresh
packen,"to pack (luggage, a bundle, etc.)"
prost,cheers (the usual toast when drinking alcohol)
dritte,third
jederzeit,anytime
geöffnet,open
Gebiet,"area, region"
Kino,cinema
ums,contraction of um + das
verhaften,"to stop moving and instead stick, or make or become bound (more or less literally or figuratively)"
umgehen,"to avoid, bypass, to go around (a physical obstacle)"
Beruf,"occupation, profession, trade, job, career"
Einheit,"unit, part (standalone component not considered further subdividable in context, typically combined with others as part of a larger structure or arrangement)"
knapp,scarce
abgeschlossen,"separate, enclosed"
vorn,in front
Gerechtigkeit,justice
Schrieb,"something written, especially (derogatory) an official document or piece of paperwork"
Verräter,traitor (male or of unspecified gender)
Deckung,cover
Gewehr,"rifle, long gun"
drücken,"to press, to push (a button/key"
Alarm,"alert, alarm"
dingen,to hire for a crime
akzeptieren,"to accept, to approve, to take, to agree to (e.g. a proposal)"
Geduld,patience
Story,"plot (of a novel, film, etc.)"
Zugang,access
Bauch,"abdomen, belly"
landen,"to land (to reach solid ground in an air, water or space vessel)"
ertragen,"to bear, to stand, to endure, to take, to suffer, to tolerate, to handle"
on,clipping of online
Mitte,middle
Herrgott,"God, the Lord"
Untersuchung,"examination, investigation"
Armer,"pauper, poor person (male or of unspecified gender)"
selten,"rare, infrequent, uncommon, scarce"
extra,separate (not included in or directly connected to the object being discussed)
reparieren,to repair
verbunden,"related, connected, interconnected"
fliehen,to flee
Luke,"hatch (opening in the ceiling/floor of a room, in the deck of a ship, etc.)"
Montag,Monday
nackt,naked
Alice,a female given name
ISS,ISS
Schreibe,writing
Penny,penny
Presse,press (device used to apply pressure)
langen,"to reach, to grab"
Brot,bread
Priester,priest
Magie,magic
befreien,"to free (make free), to liberate"
Westen,west
anziehen,senses related to dressing
kompliziert,"complicated, complex"
jedoch,"however, yet, nevertheless"
Wetter,weather
sexy,sexy
Deutschland,"Germany (a nation or civilization occupying the country around the Rhine, Elbe, and upper Danube Rivers in Central Europe, taken as a whole under its various governments)"
Berlin,Berlin (the capital and largest city and state of Germany)
inzwischen,"since then, by now, in the meantime (contrasting between the current state and a known past state)"
Staaten,"the States, the USA"
Ton,clay
riskieren,to risk
Chaos,chaos
wundervoll,wonderful
Prozess,lawsuit
Papiere,official documents
rechten,to argue
Freundschaft,friendship
Cop,cop
Rock,skirt (garment)
überlegt,"considerate, deliberate"
beten,to pray
Schauspieler,actor
Linda,a female given name from the Germanic languages
interessieren,to interest
Zunge,tongue (organ in the mouth)
Strafe,punishment
Rate,rate
amen,amen
Song,a song of modern popular music
träumen,to dream
hauen,"to thrust, slash (with a weapon)"
Winter,winter
USA,initialism of the United States of America: a country in North America: USA
Dieb,thief (male or of unspecified gender)
trennen,"to separate, sever, part, disunite, uncouple, segregate, unjoin, disjoin"
immerhin,after all (explaining another statement)
Gras,grass (plant)
Kiste,"chest, box"
beantworten,to answer (a question)
zuhören,to listen
Artikel,article
deutlich,"articulate, clear"
Jacke,jacket
starten,"to start (airplane, event etc.)"
Regel,rule
gegenseitig,"mutual, reciprocal"
anstatt,instead of
schwul,gay
Inspektor,inspector
blau,blue (color/colour)
hinterher,behind
leck,leaky
Spiegel,"mirror (smooth surface, usually made of glass with reflective material painted on the underside, that reflects light)"
Gift,poison
schief,"skew, oblique, askew, leaning, slanting, aslant, inclined (neither parallel nor perpendicular)"
Zahl,"number, numeral, figure"
verwirrt,confused
ficken,to fuck
feuern,to fire
vermissen,to miss (to feel the absence of someone or something)
Samstag,Saturday
Wolf,wolf
Anne,"a female given name, variant of Anna"
E,"The fifth letter of the German alphabet, written in the Latin script."
Leichter,lighter
Schlafzimmer,"bedroom (bed-room), bedchamber (bed-chamber)"
erleben,to experience
Cousin,male cousin
Tausend,thousand (set or unit of one thousand items)
Hemd,shirt
Mittagessen,lunch
herkommen,"to come over, come here (towards the speaker)"
Victor,"a male given name, variant of Viktor"
Eindruck,impression
gucken,"to look, to direct one's gaze at something"
Bedeutung,"meaning, sense"
hungrig,hungry (desirous of food)
Projekt,project
Trug,"a deception, delusion, illusion"
Bühne,a stage
Kleidung,clothing
vernichten,to destroy
Champagner,champagne (sparkling wine made in Champagne)
verpassen,to miss (be late for
soviel,"as far as, so far as"
Schwere,heaviness
Theorie,theory
verteidigen,to defend (from attack)
Menschheit,"humanity, mankind (human beings at large)"
Tatort,crime scene (location of a crime)
wild,"wild (of animals, etc.)"
angesehen,reputable
Gerät,"device, tool, appliance, machine"
Altes,nominalization of altes: something old
gemeldet,registered
Müll,"rubbish, refuse, waste, junk, trash (US), garbage (US)"
Virus,virus
NO,abbreviation of Nordost (“northeast”)
Decke,any cloth or cushion used as a covering
Motor,engine (mechanical device)
ausgezeichnet,"excellent, outstanding"
dienen,to serve
Süßer,"sweetie, sweetheart, honey"
geraten,to turn out
Geschmack,taste
Europa,Europe (a continent located west of Asia and north of Africa)
Zelle,cell (segregated room)
treiben,to drive (e.g. livestock)
auseinander,apart
Anführer,"leader, head, chief, commander"
wonach,after what
Beeilung,hurry up!
Abteilung,department
Sturm,"A strong, blustery wind"
Vorschlag,"suggestion, proposal (something proposed)"
Kaiser,emperor (ruler of certain monarchies
Gas,gas (matter in a physical state between liquid and plasma)
gewählt,"chosen, elected"
geworfen,"tossed, thrown"
Beerdigung,burial
Spitze,cusp
Unrecht,injustice
welch,what
festhalten,to hold on (to) (to keep another object or person in place)
Gnade,"grace, mercy, graciousness"
Papier,paper (material)
praktisch,practical
wahren,"to protect, to safeguard"
Geburt,birth
Dunkelheit,darkness
Charlotte,a female given name from French
Notfall,"emergency, distress"
dahinter,behind it/that
Fremde,foreign land
anfassen,to touch
wechseln,"to change, to exchange"
Sack,"sack (large bag, especially one made of fabric)"
Süden,south (direction)
Genie,genius
Kommando,command
Treppe,stairs
überlassen,to relinquish something (definitely or temporarily) and leave it to someone else
übergeben,to hand over
Mantel,"coat, overcoat (long jacket that covers at least part of the thighs)"
Offizier,commissioned officer (soldier from the rank of lieutenant upwards)
entwickelt,developed
Täter,"perpetrator, delinquent"
Krebs,"crustacean, crab, crayfish"
fressen,to eat
gemein,"mean, nasty, wicked"
Fliege,fly (insect)
fein,"fine (not rough, coarse, or thick)"
Heimat,"home, home town, homeland, native land"
gleichzeitig,"simultaneous, concurrent, coincident, concomitant"
Kilometer,kilometer (unit of measure)
zurückkehren,to return
reiten,to ride
Strom,a large river
Kuh,cow (female bovine animal at or near adulthood)
Chicago,"Chicago (a large city, the county seat of Cook County, in northeastern Illinois, United States, located on Lake Michigan)"
geil,salacious
Schlange,snake
Explosion,explosion
Talent,talent
Frische,freshness
Versteck,"hiding place, stash"
Feld,"field (plot of open land, especially one used to grow crops)"
Fernseher,"a television set, a TV"
Laura,a female given name
CIA,CIA (US foreign-intelligence agency)
geführt,"guided, conducted"
aufnehmen,"to pick up, lift up"
Pech,pitch (sticky substance)
greifen,to grab
wetten,to bet
nieder,low
null,zero
verdächtigen,to suspect
China,China (a country in East Asia)
Publikum,"audience, those who see, hear, read some work or performance (crowd, viewership, readership etc.)"
Krieger,warrior
wieviel,Formerly standard spelling of wie viel which was deprecated in the spelling reform (Rechtschreibreform) of 1996.
Mittag,"noon, midday, late morning, early afternoon (time from about 11 a.m. to 2 p.m)"
jo,"yes, yeah, well"
Unterhaltung,conversation
öfter,"ofttimes, from time to time"
spazieren,"to take a walk, to stroll, to walk leisurely"
entspannen,to relax
wehtun,[with dative] to hurt
hiermit,hereby (formal phrase)
Patrick,"a male given name from English, feminine equivalent Patricia or Patrizia"
Quelle,spring
zwingen,to force
ei,"whoa, hey (expression of surprise)"
unterstützen,"to support, to assist, to help, to aid"
solch,such
eilig,"speedy, hasty"
Bauer,farmer (male or of unspecified gender)
Leitung,"cable, line, wire"
neugierig,"nosy, curious, inquisitive, prying"
offiziell,official
Befinden,"condition (health status of a patient), state of health"
Schrei,"shout, cry, scream"
Bart,beard
tränen,"to water (due to irritation, pain, etc.)"
behauptet,"asserted, alleged"
Kim,"a diminutive of the male given name Joachim, from Hebrew"
Esse,chimney-hood over a stove
verarschen,"to trick, to fool, to prank (to cause to believe something untrue)"
Geister,a surname
streng,"strict, rigorous"
Mitternacht,midnight
bestens,"very well, perfectly"
behaupten,"to claim, maintain, assert"
Leo,"a male given name, clipping of Leopold"
Karen,"a female given name, a much less popular variant of Karin"
erschaffen,to create
loswerden,to get rid of
Staat,"country, state (politically constituted legal person wielding absolute power of a population and territory)"
Hütte,"hut, cabin, shack, cottage (small house, typically built of light materials rather than stone)"
Stoff,"stuff, matter, substance"
geschenkt,"forget it, forget about it, nevermind, that’s not so problematic, (also in the sense of) that’s one thing, that’s not the worst part"
vorgestellt,"envisaged, imagined"
rechtzeitig,punctual
Melde,message
Mitglied,member
Vincent,"a male given name, Vincent, from Latin, a French variant of Vinzenz, equivalent to English Vincent"
Korrektur,correction
dicht,"thick, tight, dense"
Elena,"a female given name, variant of Helene"
heutzutage,"nowadays, these days (in the present era"
Wut,rage
Bürger,"citizen, inhabitant, resident"
klären,"to clarify, to clear up (an issue or misunderstanding), to fill in unknown details, to resolve, to sort out (a problem or a question)"
gründen,"to found, to establish (a community, settlement, organization, company, etc.)"
entfernen,to remove
Information,a piece of information
beides,both
Doctor,Former spelling of Doktor which is no longer standard.
lebend,living
waschen,to wash
tausende,alternative letter-case form of Tausende (“thousands [of]”)
vieles,"much, many things"
Schnee,snow
ergeben,"to yield, produce"
Feigling,"coward, chicken"
sicherlich,certainly
Besitz,ownership
vernünftig,"reasonable, sensible"
Geräusch,"noise, sound"
Stärke,strength
empfangen,"to receive (e.g. a present, a guest)"
dauernd,"constant, incessant"
Stefan,"a male given name, feminine equivalent Stefanie or Stephanie, equivalent to English Stephen"
geheim,"secret, clandestine"
Schlacht,battle
eindeutig,"unambiguous, unequivocal, explicit, unique"
Politik,politics
Universum,universe
Mittel,"agent, appliance"
riechen,to smell (something)
eingesperrt,confined
Werk,"work, achievement (the result of working)"
KM,abbreviation of Kaltmiete
Schrank,"cabinet (storage closet either separate from, or built into, a wall), or (specifically):"
C,"The third letter of the German alphabet, called ce and written in the Latin script."
wirken,"to function, to be effective, to work"
warnen,"to warn, to caution, to admonish"
russen,Switzerland and Liechtenstein standard spelling of rußen
irgend,at all (regarding possibility/ability)
zugeben,"to admit, confess (to own up to something)"
bestätigen,"to confirm, to corroborate"
Fresse,"mouth, gob"
gefühlt,perceived
Sara,Sarah
grenzen,to border
Führer,"guide (person who assists people by providing information, giving directions, etc.)"
Verbrecher,criminal
einst,"once, formerly (a long time ago)"
Zigarette,cigarette
Brille,"glasses, spectacles (frames bearing two lenses worn in front of the eyes to correct vision)"
beschlossen,"decided, agreed"
Gedanke,a thought [with an (+ accusative) ‘[of/about] (something)’]
Künstler,artist
Abenteuer,adventure
Mexiko,"Mexico (a country in North America, located south of the United States, and northwest of Guatemala and Belize from Central America)"
angeblich,"alleged, pretended, reported"
Caroline,a female given name from French
wachsen,to grow
erfolgreich,successful
Internet,internet
Eva,Eve
vermögen,to be able to
Klinik,clinic
Kauf,purchase
Pizza,pizza
Osten,East
kennenlernen,"to get to know, become acquainted with (a person, place, thing)"
anbieten,"to offer, to provide"
Scheisse,Switzerland and Liechtenstein standard spelling of Scheiße
aufwachen,"to awake, to wake up"
Stimmung,mood (emotional state)
Amanda,a female given name
richten,"to direct, to point"
Bulle,bull (male cattle)
Maske,mask
per,"by, by means of, through, via"
Oberst,colonel
Leiter,ladder
April,April
Schnitt,"cut, the result of cutting"
erfunden,"invented, contrived"
Krankenwagen,"ambulance, ambulance car, ambulance van"
Fett,"fat, grease"
verwenden,"to use, to employ, to apply"
Schädel,skull
zurecht,only used in zurechtweisen etc.
Unglück,unhappiness
mußt,Formerly standard spelling of musst which was deprecated in the spelling reform (Rechtschreibreform) of 1996.
heil,whole
irren,"to wander (to move around aimlessly, being unable to find where one wants to go)"
Verlust,"loss (all senses, except defeat, for which Niederlage is used)"
Einladung,invitation
Sophie,"a female given name, variant of Sophia"
abgemacht,agreed
lecker,"yummy, tasty"
Fluch,"curse, malediction, bane"
Schulter,shoulder
heilen,"to heal (an injury, sickness, etc.)"
aufgegeben,"abandoned, derelict, forsaken"
hundert,one hundred
Stern,a star
Klo,"toilet, loo (UK)"
momentan,current
Sendung,delivery (by a postal service)
brav,"good, well-behaved or reliable, obedient"
Jagd,"hunt, hunting"
Markt,market (gathering for sale and purchase)
grün,green (in colour)
Wüste,desert
Patient,patient (male or of unspecified sex or female)
Zweck,purpose
Hass,"hatred, hate"
benehmen,"to behave, to act, to conduct oneself (in a certain way - specifically in a good/appropriate way if not otherwise specified)"
Klang,"sound, tone"
aufgrund,"due to, because of, as a result of, by reason of, on account of"
real,real (that has physical existence)
Senator,"senator (member in the house or chamber of a legislature called a senate, or of the executive branch of city government in Berlin, Bremen, and Hamburg)"
Verstärkung,reinforcement
fähig,capable (having the general capability to)
stattdessen,"instead, in lieu (of)"
Tim,"a male given name, popular in the 2000's"
angreifen,to attack
Magen,"stomach, maw"
Zucker,sugar
Ritter,knight
erstaunlich,"amazing, impressive, surprising (contrary to or surpassing expectations, in a positive or neutral framing)"
berichten,"to relate, to tell, to give an account of"
Schaff,"wooden container, tub, barrel"
ausziehen,"to move out, to vacate"
Uniform,uniform (distinctive outfit as a means of identifying members of a group)
Mum,mum
Planet,planet
ciao,ciao
Realität,reality (state of being real)
Kommissar,commissioner
Holz,wood (material)
Pack,"package, bundle, bunch, (unwieldy) bag"
schneiden,to cut
Tiger,tiger
erfüllen,to fill (with something physical or abstract)
Anteil,"share, portion"
House,"house music, house"
Weib,"woman, broad"
Urteil,"judgment (the preferred spelling in a legal context), verdict, sentence (court decision)"
wayne,who cares
freiwillig,voluntary
Gesundheit,health (state of being in good physical condition and free from illness)
Scheidung,separation
achten,"to care about, to pay attention to"
Angelegenheit,"matter, issue, affair"
Öffentlichkeit,public
wiederholen,to repeat (to do or say again)
Revier,"defined area of land, principally used for hunting or foraging"
loslassen,"to let loose, let go (physically or emotionally)"
Wirklichkeit,reality
begeistert,"enthusiastic, thrilled"
meistens,mostly (for the most part)
Verfügung,"disposal, disposition (control over something)"
äußerst,"utmostly, extremely"
Roman,novel
Jungfrau,"virgin (person, especially female, who has never had sexual intercourse)"
Ratte,rat
Verteidigung,defence
posten,"to post (to publish an entry or comment in a forum, chat, or social media)"
Schreibtisch,"desk, cabinet (any table, frame, or case for the use of writers and readers"
happy,glad
hammer,contraction of haben + wir
Pater,father (monk who is a priest)
gewohnt,"usual, customary, familiar"
bewahren,"to keep, to preserve (to maintain the condition of)"
Tasse,"cup, mug (drinking vessel)"
durchs,contraction of durch + das
Stress,stress (emotional pressure)
schenken,"to give as a present, to gift"
Anklage,charge
kugeln,to roll or bowl
drum,contraction of darum
Kalifornien,California (the most populous state of the United States)
linken,to deceive
Bereich,"area, realm, range, scope"
West,the west (used without article
Zeuge,"witness, wit (slang), deponent, attestor (attester), voucher (male or of unspecified gender)"
vorbereiten,to prepare
zusehen,to watch
Ali,Ali (name)
korrekt,correct
Jäger,hunter (male or of unspecified sex)
Tunnel,tunnel
aufregend,"exciting, captivating (evoking giddiness or thrill)"
Pfarrer,pastor (clergyman who serves a parish)
Blaue,(female) blue one
gewiss,certain
täglich,daily
besessen,obsessed
Reifen,tyre
Jessica,a female given name
übers,"contraction of über + das, literally “over the, above the”"
Christus,Christ (Jesus seen as the messiah)
Probe,trial
Viertel,"quarter, fourth"
Hurensohn,"son of a bitch, motherfucker, bastard"
Wissenschaft,science (a branch of knowledge or academic discipline dealing with a systematic body of facts or truths)
Hinweis,hint
Suppe,soup
Scheißkerl,"shithead, son of a bitch"
Texas,Texas (a state in the south-central region of the United States)
Hauptmann,captain (male [also female] or of unspecified sex
Gedächtnis,memory (ability to recall)
Verdacht,suspicion
Behandlung,treatment
rosa,coloured in a pale shade of pink
Sicht,view
nix,no way!
einladen,to invite (to ask someone to come)
Scheck,"check, cheque"
französisch,French
Ursache,cause (source or reason of an event or action)
besiegen,to defeat (to overcome in battle or contest)
verzweifelt,desperate
erwischen,to catch (often referring to catching someone in an act of wrongdoing)
Truck,truck
opfern,"to sacrifice, to give up (for a goal or cause)"
Jahrhundert,a century (period of 100 years)
bestellen,"to order (e.g. food at a restaurant, items for delivery)"
Wissenschaftler,scientist
Mitleid,"pity, compassion"
bereiten,"to prepare, to make"
Schwachsinn,nonsense
Vampir,vampire
erscheinen,to appear
Miete,rent
Titel,title
Antrag,"application, request"
freien,to marry or marry off
verbrennen,"to burn (to cause to be consumed by fire or flames), to incinerate, to combust"
Dutzend,dozen
Martha,Martha (biblical figure)
Fische,Pisces
rauskommen,to come out
Verrückter,"crazy person, lunatic, maniac (male or of unspecified gender)"
hässlich,ugly
Indianer,"Indian, American Indian, Native American"
Hirn,brain (organ)
befreit,"freed from something, liberated"
Sitz,seat
Linie,line
Dummkopf,"airhead, birdbrain, bubblehead, feather-brain, featherhead, jingle-brains, lamebrain, peabrain, pinhead"
Sand,sand (particles of rock)
Basis,"basis (foundation, principle)"
Käse,cheese
Gegner,"adversary, opponent, enemy"
WE,abbreviation of Wohneinheit
sammeln,to gather
Stil,style
Schock,shock (mental or medical condition)
berühren,to touch
Vorteil,"advantage, plus, benefit, perk (of a job)"
Monica,"a female given name, a less common variant of Monika"
elf,eleven
Affäre,"a delicate, problematic or annoying affair, business that forces one to act carefully"
Empfang,"receipt, acceptance, welcome (act of receiving someone or something)"
verabschieden,to say goodbye (to)
Applaus,applause
fürchten,to fear
Ausweis,identity document
Start,start (beginning of a project)
Roboter,robot
Hafen,harbour/harbor
rund,"round, rounded, similar as in English, especially:"
beeindruckend,impressive
daneben,"next to it, next to that"
Fabrik,plant (factory or industrial facility)
Einfluss,"inflow, influx"
Bedrohung,threat (indication of imminent danger)
identifizieren,to identify
anschauen,to look at
Gouverneur,governor (male or of unspecified gender)
Hans,a male given name
sparen,to save up
besondere,"special, particular, extraordinary"
Cent,"cent, the smaller unit of the euro"
Kreuz,cross
albern,"goofy, silly, childish (inappropriately funny)"
That,Obsolete spelling of Tat which was deprecated in 1902 following the Second Orthographic Conference of 1901.
Stop,Formerly standard spelling of Stopp which was deprecated in the spelling reform (Rechtschreibreform) of 1996.
Identität,"sameness, identicalness, identity"
eng,"narrow, tight"
Miststück,mean person
nebenan,next door
Training,"training (exercise, chiefly physical)"
negativ,negative (undesirable)
Unterricht,"lesson, class, instruction, education"
verwendet,used
stets,always
Zentrale,"central office, headquarters"
Revolution,revolution
Mauer,"a wall, usually one made of stone or concrete"
umdrehen,"to twist, to turn, to turn around"
bestehen,"to succeed, to pass (an exam)"
meinetwegen,because of me
liefern,"to supply, provide"
pünktlich,"punctual, on time"
unglücklich,"unhappy, unjoyous, unjoyful, misfortunate, miserable"
not,only used in nottun
Ewigkeit,eternity
plus,"plus, increased by"
Reaktion,reaction (responding or countering action)
angestellt,"employed, hired"
Fieber,fever (heightened body temperature)
wenden,to turn something so as to cook or roast it from both sides
Mitarbeiter,"employee (person who works, together with others, in a particular business or institution)"
aussteigen,"to exit, get off (especially a vehicle)"
Deck,deck (of a ship or boat)
Penner,bum (homeless person
Lektion,"lesson (chapter of a textbook, section of a course)"
leiten,to lead
nachsehen,"to check, to look into, to investigate, to explore, to consider"
Kreis,circle
Stahl,steel
Dusche,a shower (for bathing)
ausruhen,"to rest, to recover (through rest and relaxation)"
Walker,"fuller, felt-maker"
angenehm,"pleasant, pleasing"
Kilo,kilo
gelöst,"solved, resolved"
tollen,"to romp, gambol, cavort"
Schluck,"sip, swallow, small drink"
Tour,"tour, journey"
Rückkehr,return
Donnerstag,Thursday
Störung,"disturbance, disruption, nuisance, bother"
clever,clever
Wunde,"sore, wound"
überfallen,"to attack, to assault"
steuern,"to steer, to navigate, to pilot, to operate, to control"
MM,initialism of Monatsmiete(n)
OP,short for Operation
Mäuse,money
Junior,junior
Dienstag,Tuesday
Verabredung,appointment
Geruch,"smell, odour"
unheimlich,"uncanny, creepy, eerie (causing fearful discomfort)"
Jugend,youth (quality or state of being young
Verdienst,merit (something worthy of a high rating)
mutig,courageous
extrem,extreme
voran,"forth, ahead, forwards"
Albert,a male given name from Old High German
Staatsanwalt,"public prosecutor (UK), district attorney (US)"
Italien,Italy (a country in Southern Europe)
verschwenden,"to waste, to squander"
bereuen,"to regret, to rue"
Gepäck,"luggage, baggage"
Stellung,"position, posture (specific way of holding or positioning the body)"
Staub,dust
blauen,to turn blue
klauen,to steal
prüfen,"to check, test, examine"
Aufnahme,reception
Text,text (writing consisting of several sentences and forming a discrete unit)
Graf,count (a member of the German nobility)
Sport,sport (athletic activity that uses physical skills competitively under a set of rules)
Leidenschaft,passion (powerful emotion)
Flotte,fleet
Gehöre,"excessive or lengthy hearing, listening"
Kindheit,childhood
EL,initialism of Esslöffel
vermeiden,"to avoid (something happening, doing something)"
Benzin,gasoline
üben,"to practice, to drill, to train"
Warnung,warning
testen,to test (by experiment or scientific method)
Klaus,a male given name
Marcus,"a male given name, a less common variant of Markus"
Nathan,Nathan (biblical prophet)
Afrika,Africa (the continent south of Europe and between the Atlantic and Indian Oceans)
graben,to dig
Nutte,whore
diamanten,diamond
klingen,to ring
Schokolade,chocolate (food made from ground roasted cocoa beans)
erstens,"first, firstly, in the first place"
bedroht,threatened
Karl,a male given name from Old High German
betreten,"to enter, to go or come into"
Eile,hurry
Manager,"manager (see usage notes below) (male or of unspecified sex, sometimes female)"
abgelehnt,"rejected, declined"
gewollt,deliberate
Fan,"fan, devotee"
gewöhnlich,"usual, normal, ordinary, everyday"
Schild,"sign, plate (flat surface bearing information)"
Bahnhof,"railway depot, railroad station, railway station, train station"
Flügel,"wing (of a bird, airplane, etc.)"
berühmt,"famous, well-known, renowned, celebrated, noted"
weitergehen,"to proceed, progress, continue"
Japan,Japan (a country in East Asia)
filmen,"to film, to shoot"
Barbara,"a female given name, equivalent to English Barbara"
innen,within
Minister,minister (a person who is commissioned by the government for public service)
Belohnung,"reward, bounty"
Hitler,a surname
Molly,"ecstasy, molly, mandy (the drug MDMA)"
beibringen,to teach
informieren,"to inform, to update"
reingehen,"to go in, to get inside, to go inside"
Munition,"ammunition, munition"
notwendig,necessary
Gentleman,"gentleman (well-mannered, charming man)"
Appetit,appetite
Narr,fool (a person being stupid or oblivious to facts)
Höhle,cave
betrachten,"to look at, to consider, to behold"
erneut,renewed
Schütze,shooter
Figur,"figure, figurine"
Alexander,"a male given name, feminine equivalent Alexandra or Sandra, equivalent to English Alexander"
Farm,farm (see usage notes)
angeboten,"offered, proffered, tendered"
erstmal,first (before anything else)
Lärm,"noise, din, racket"
verbergen,"to hide, conceal from view, keep secret"
einstellen,to hire (to add someone to a position of employment)
ausgerechnet,"Used to express irritation, indignation, or a similar emotional response to something against one's will"
bergen,"to recover, salvage, rescue"
Toter,cadaver
bescheuert,"idiotic, crazy, foolish"
Fahrrad,bicycle
planen,to plan (some action or event)
gestört,"disturbed, impaired, abnormal (mentally)"
eingestellt,adjusted
Lese,"harvest, picking"
Go,go (board game)
Koch,cook (one who cooks
Widerstand,"resistance (act of resisting, or the capacity to resist)"
verbinden,"to join, to combine, to connect, to interlink"
rauch,obsolete form of rau (“rough”)
Abmachung,"deal, bargain, agreement, arrangement"
Ware,"goods, merchandise, ware, commodity"
Heiliger,saint (male or of unspecified gender)
Hintergrund,background
Verkauf,sale
begrüßen,to welcome
nächster,"next, following"
Drachen,kite
Technik,technique
Führung,lead
Anzeichen,"sign, indication"
Fantasie,imagination
Badezimmer,"bathroom (a room in a private dwelling where people wash themselves, containing a shower and/or bathtub)"
Höhe,"height, altitude"
Christian,"a male given name, feminine equivalent Christiane, Christina, or Christine"
Sünde,sin
Angela,"a female given name from Latin, equivalent to English Angela"
besitzen,"to own, to possess"
weggehen,"to go away, leave, scram"
Satz,sentence
Auftritt,"appearance, look, comportment, behavior"
Nina,"a female given name, popular since the 1980s"
rausfinden,clipping of herausfinden
Euro,euro (currency)
Nass,moisture
Mai,May (month)
h,"the letter h, see H"
ruhen,to rest
Admiral,admiral (male or of unspecified gender)
Kühlschrank,refrigerator
Universität,university
senden,to broadcast
wovor,in front of what
Stille,"stillness, silence"
taub,deaf (not hearing)
verwandeln,"to turn, to change, to transform"
scheißegal,"totally unimportant, doesn't fucking matter"
Kollege,"colleague, coworker, workmate, fellow worker or member"
auftauchen,"to come up (of a subject or name in conversation, a difficulty in a project, etc.)"
Exzellenz,Excellency (form of address for certain high officials or dignitaries)
Jonathan,Jonathan (Biblical character)
Ergebnis,"result, outcome, conclusion, finding, fruit, consequence, upshot, answer"
Kurt,a male given name
Kopie,"a copy, the result of copying something, a duplicate"
dreimal,"thrice, three times"
telefonieren,to have a telephone call
rausholen,clipping of herausholen
nützlich,useful
Legende,legend (story)
Teddy,clipping of Teddybär (“teddy bear”)
aussagen,to state
Lucas,"a male given name, variant of Lukas"
Seil,"rope, line, cord"
Tempel,temple (edifice dedicated to one or multiple deities)
beschissen,shitty
gestanden,"experienced, competent, seasoned"
keinerlei,"no … whatsoever, no … at all"
Nigger,nigger (male or of unspecified gender)
Baron,baron
außen,outside
bequem,"comfortable, convenient"
Konto,account
hunderte,alternative letter-case form of Hunderte
Spion,spy
Jacob,"a male given name, equivalent to English Jacob or James"
Aaron,Aaron
Gesetze,obsolete form of Gesetz
Felix,"a male given name from Latin, equivalent to English Felix"
Be,"flat sign, ♭"
weswegen,"why, for what reason"
einkaufen,to shop
Bande,gang (group of people united for some immoral or criminal objective)
Raumschiff,"spaceship, spacecraft"
hinsetzen,to sit down
verhandeln,"to negotiate, to debate"
Homer,Homer (ancient Greek poet)
rächen,to revenge
Feier,celebration
Technologie,technology
August,August (month)
vögeln,"to catch birds (compare ""angeln"")"
stöhnen,"to moan, to groan, to grunt (to vocalize in a low, unarticulated manner, typically as an extension of exhaling)"
umso,the (forming the parallel comparative with je)
Bibel,"Bible, bible"
Humor,humor (something funny)
Jordan,"Jordan (a river in West Asia in the Middle East, that empties into the Dead Sea, flowing through Israel, the Golan Heights, the West Bank and Jordan)"
daheim,"home, at home (adverb)"
kürzlich,"recently, lately (in the recent past)"
SMS,SMS (text message)
Material,material (matter)
beschreiben,to describe
Ellen,a female given name
Abschluss,exclusion
verärgert,"upset, annoyed, angry"
abgeben,"to give up, relinquish, let go, concede, hand over, etc. (power, money, valuable objects, etc.)"
schieben,to push
Knopf,button (fastener)
Rätsel,"riddle, puzzle, mystery, enigma"
Atem,breath
Island,Iceland (an island and country in the North Atlantic Ocean in Europe)
Jünger,disciple (one who learns from and follows a usually religious or philosophical teacher
Freie,the open (air)
Teller,"plate, dish"
Verrat,"treason, betrayal, treachery, backstabbing, bewrayment"
Kette,"chain (series of interconnected rings, usually of metal)"
brach,fallow
Organisation,"organisation, organization"
schalten,to switch
Hubschrauber,helicopter
Militär,military
Überfall,"an unanticipated violent attack, especially"
erwähnen,to mention [with accusative or (archaic) genitive ‘something’] (speak of something)
Palast,palace
Wäsche,"wash, washing, laundry (the act of cleaning with water"
bekämpfen,"to fight (against something), to combat"
übersehen,"to overlook, disregard, ignore"
Data,archaic form of Daten
befreundet,"friendly, friends"
versetzt,offset
einzig,"only, sole"
existieren,to exist
beleidigt,"offended, insulted, annoyed, aggrieved, sulky"
Bär,bear (animal)
weich,soft
Ratten,"a municipality of Styria, Austria"
Gabe,"gift, present, donation, alms"
Süßes,nominalization of süß
tauschen,"to trade, to exchange, to swap, to barter"
erschöpft,exhausted
heben,to lift
Linke,left hand
Victoria,"a female given name from Latin, variant of Viktoria"
Anzeige,"advertisement, announcement (in a newspaper, etc.)"
Katastrophe,"catastrophe, disaster, calamity"
darunter,"below it, below that, thereunder"
herzlich,"warm, warmhearted, friendly, affectionate, cordial"
leihen,to borrow
überraschen,to surprise
Treffer,"hit (A blow, punch, strike hitting a target.)"
Umgebung,"environment (area around something), vicinity, surroundings"
ignorieren,to ignore (deliberately pay no attention to)
Haken,hook (a rod bent into a curved shape)
ruinieren,"to ruin (to destroy or make dysfunctional, e.g. of health, relationships or financially)"
höchstens,at most
Ausdruck,"expression, term"
Nation,nation (community of people)
Leib,body
Pilot,pilot (one who steers an aircraft)
uni,"unicolour, single-colour"
Kram,stuff
beteiligt,"involved, concerned, participating"
Botschafter,"ambassador, emissary, head of mission"
sinnlos,"meaningless, pointless, senseless"
reagieren,to react
Kehle,throat (front of the neck)
derselbe,the same
Reporter,reporter (male or of unspecified gender)
anstellen,"to queue, to line up"
brennen,to burn
Laune,"mood, humor"
Staffel,season
Pool,ellipsis of Swimmingpool
ungewöhnlich,"uncommon, unusual, unordinary"
versaut,filthy
Gewicht,weight
Ausgang,exit (passage from inside to outside)
Mädel,girl (especially member of a group of female friends)
Zweiter,runner-up (male or of unspecified gender)
zweitens,secondly
Funk,radio (technology)
Einstellung,"attitude, mindset, disposition"
heimlich,"secret, clandestine (done or kept in secret)"
scheiden,to separate
Schwäche,weakness
räumen,"to clear an area of debris, snow, mines, or other impediments"
Garage,"garage (building used to store cars, tools, etc.)"
einig,"some, a few, plenty"
Russland,Russia (a transcontinental country in Eastern Europe and North Asia)
einfallen,"to occur (to someone), to come (to someone)"
schämen,"to be ashamed or (less often) embarrassed, bashful"
typisch,typical
Übung,practice (degree of being used to and proficient in some activity)
Studio,studio
Kopfschmerzen,headache
Leutnant,lieutenant
genial,"genius, ingenious, genial (in the sense of genius)"
zunächst,"first, first of all, in the first place, to begin with, initially"
reißen,to tear (something)
pleite,broke
anhören,"to listen to the end, to hear out"
Leere,"emptiness, void"
unhöflich,rude
Konzert,concert (musical event)
Knarre,"ratchet, gragger, noisemaker"
Paradies,paradise
Küste,coast
Ferien,"holidays during which an institution (especially a school, university) or a business is closed"
live,"live (as it happens, in real time, directly"
ordentlich,"tidy, orderly"
Felsen,rock
G,"The seventh letter of the German alphabet, written in the Latin script."
Couch,"sofa, couch"
umziehen,to move
studieren,to study at university or college level
Netz,net
Puppe,doll
besiegt,defeated
Ais,A-sharp
Last,"load, burden"
Liebhaber,"aficionado, enthusiast, lover"
Wecken,an oblong bread roll
nähern,"to approach, to come near [with dative ‘[something/someone]’]"
Gesang,"singing, vocals"
Asche,ash
bewaffnet,armed
Gemeinde,municipality
entgegen,against
Geschwindigkeit,"speed, pace, tempo, velocity, rate"
entwickeln,"to develop, to gain (strength, a skill, a talent, an ability, etc."
Juli,July
dunkeln,to darken
Beute,booty
aua,"ouch, ow (expression of one's own physical pain)"
gefasst,"cool, with composure"
Rita,a female given name
reizend,lovely
Ehefrau,"married woman, wife"
treu,loyal
mächtig,"powerful, mighty"
rollen,to roll
Kommandant,commander (of small or medium-sized units)
Durst,thirst
Bibliothek,library
Tina,"a diminutive of the female given names Christina, Kristina, Bettina, or Martina"
Otto,"a male given name, feminine equivalent Oda, Odilia, Ottilie, Uta, or Ute"
Museum,"museum (building or institution dedicated to the protection and exhibition of items with scientific, historical, cultural or artistic value)"
Versicherung,insurance
schmutzig,"dirty, filthy, grimy"
Verlass,reliance
doppelt,double (made up of two matching or complementary elements)
diskutieren,to discuss
Ex,ex (male former romantic partner)
nirgends,nowhere (in no place)
mitmachen,"to take part, to participate, to join in"
Dämon,demon
eingehen,to enter
Spanien,"Spain (a country in Southern Europe, including most of the Iberian peninsula)"
Ankunft,arrival
Motiv,motive
grausam,cruel
Rebecca,"a female given name from English [in turn from Biblical Hebrew], variant of Rebekka"
Kunde,"customer, patron, client"
Gefangene,"prisoner, captive, detainee (female)"
pinkeln,to pee
Apartment,apartment
Bewusstsein,"consciousness, awareness"
DNA,"DNA, synonym of Desoxyribonukleinsäure"
Tipp,"tip, hint"
gewöhnen,"to accustom, inure, make accustomed"
Schwarzer,a black object or being
Zauber,"charm, spell, an instance of magic action"
safe,safe
Hanna,Hannah (biblical character)
Vergleich,comparison
spanisch,Spanish
Rad,wheel
Fähigkeit,"ability, capability"
Hannah,"a female given name from Biblical Hebrew, variant of Hanna"
scheinbar,apparently (seemingly)
kontrolliert,controlled
Hitze,heat
Hollywood,"Hollywood (a neighbourhood of Los Angeles, California, known as the center of the American motion picture industry)"
hierbleiben,to stay here
Bau,"building, construction (the act of constructing)"
Laute,lute
entschlossen,"determined, set, resolute"
Stiefel,boot (shoe)
tapfer,"brave, dauntless, hardy, tough (strong in the face of hardship, pain, danger)"
ersetzen,to replace
Weißer,white person (Caucasian person)
Julian,a male given name from Latin Julianus
R,"The eighteenth letter of the German alphabet, written in the Latin script."
mitbringen,"to bring (along, with), to accompany"
verwickelt,"involved, embroiled"
decken,"to cover (a roof, with a blanket, etc.)"
Spielzeug,toy
soeben,"just now, quite recently (moments ago)"
Ausrüstung,"equipment, gear"
zack,Onomatopoeia expressing that something happens quickly or suddenly.
Prüfung,an official test or examination on a subject
ausmachen,"to turn off, switch off"
Camp,camp (accommodation in tents)
Lieferung,"delivery, shipment"
Begriff,"term, word"
grünen,to be green
weglaufen,to run away
Ruth,Ruth (biblical character).
Sekretärin,female secretary
benötigen,"to need, to require"
Hügel,hill
hell,"clear, bright, light"
durchsuchen,to search
ungern,unwillingly
Modell,A model of an object
widerlich,disgusting
großzügig,"generous (of people or a gift, donation, support, etc.)"
Meeting,a business meeting
hervorragend,"outstanding, superb"
Clara,a female given name from Latin
positiv,positive
Esel,"ass, donkey"
duschen,to shower
Protokoll,protocol
schmuck,"pretty, spruce"
Handel,deal
Friedhof,"cemetery, graveyard"
leeren,to empty
abnehmen,to take off (to remove something that is attached to something or on top of it)
Segen,blessing
Irrtum,"error, mistake"
fällen,"to cut down, to chop down, to fell (a tree)"
Sender,agent noun of senden
unwichtig,unimportant
Krone,crown
Blitz,a bolt of lightning
kehren,to sweep
hinweg,away
trocken,dry (not wet
Steuer,tax
amüsieren,to be amused
jenseits,"beyond, on the other side of"
bedanken,"to thank, to express thanks"
Muster,example
Grant,"disgruntlement, resentment, grudge"
bomben,to bomb (detonate explosives)
erheben,"to raise, lift (one's arm, voice, glass, etc.)"
proben,to rehearse
Bete,beet
unangenehm,unpleasant
Zuviel,excess
heulen,"to howl, to whine (make a loud, usually high-pitched sound)"
Flur,"hall, hallway, corridor, stairwell"
ansonsten,"otherwise, besides, beyond that, if that happen not"
Wirkung,effect
orten,to locate
Fleck,"stain, spot, blot, fleck, smear"
Jude,Jew
Tal,valley
Gelächter,"laughter, laughing"
ausreden,to finish speaking
Aussicht,"scenery, view, outlook (also figuratively)"
köstlich,costly
German,germane
Hausaufgaben,homework
personal,personal
versehen,to perform (a service or duty)
Sebastian,a male given name
Ebene,plain
trainieren,"to work out, to exercise, to train"
Tiefe,depth
schweren,to be difficult
Strecke,stretch
Franz,"a male given name from Latin, equivalent to English Francis"
romantisch,romantic
Dicke,thickness
Käfig,cage
Ausbildung,"training, apprenticeship, vocational education, education"
vergiftet,poisoned
Ausweg,"way out, escape route"
ankommen,to arrive
Hexen,hexene
Mannschaft,crew members of a ship
Do,abbreviation of Donnerstag (“Thursday”) alternative form of Do.
blicken,to look (usually in a certain direction toward something)
Freier,"john, punter (client of a prostitute)"
Benjamin,Benjamin (Biblical figure)
Drehbuch,"script, screenplay"
Interview,interview (journalistic dialogue)
allzu,all too
ey,"Used to call someone's attention, or as an intensifier when placed at the end."
Huhn,chicken
Ladung,"cargo, freight"
Gegenwart,the present
bedenken,"to consider, bethink"
wiederkommen,"to return, to come back, to come again"
K,"The eleventh letter of the German alphabet, written in the Latin script."
Öl,oil
bilden,"to form, to train"
schmecken,to taste
süßen,to sweeten
Tagebuch,"diary, journal"
Abschied,"parting, farewell"
Anblick,"view, sight, look"
Owen,"Owen (a town in Baden-Württemberg, Germany)"
Motorrad,motorcycle
narren,to fool
Hauptsache,"main thing, most important thing"
herrlich,fantastic
Engländer,"an English person (male or of unspecified gender), an Englander"
Ruhm,"fame, glory"
einsteigen,to get in or on
Kapitel,chapter (section of a text)
bezüglich,"regarding, with respect to"
Abstand,"distance, interspace, spacing, interval, gap"
Trainer,"trainer, coach"
Alibi,alibi
Gewinn,"profit, gain, yield"
Märchen,fairy tale (folk tale)
Missverständnis,"misunderstanding, misinterpretation"
zurückbringen,"to bring back, recall, restore"
Bursche,"boy, young man"
Teppich,"rug, carpet (cloth covering for a floor)"
Phase,"phase, stage, period"
löschen,"to quench (fire, thirst, or lime)"
sozusagen,"so to speak, in a manner of speaking"
nebenbei,"besides, additionally, along the way"
online,online
Furcht,fear
Klavier,piano
Führerschein,"driver's license (US), driver's licence (Aus), driving licence (UK)"
Indien,India (a country in South Asia)
Laster,vice (bad habit)
Jennifer,a female given name.
begreifen,to grasp fully
Wille,will
Stift,"pin (short rod of metal, wood etc., used e.g. for fastening)"
überwachen,"to control, to monitor, to supervise"
womöglich,possibly
Angel,"tackle, fishing rod (angler's tool consisting of hook (Haken), line (Schnur), and rod (Rute))"
Michel,"a male given name, variant of Michael"
Paket,"packet, package, parcel (the term is almost exclusively used for packages sent by mail)"
Dankeschön,"thanks, thank-you message, word of thanks"
September,September
klappen,"to clap (make a soft clapping sound, particularly of something being closed)"
Cousine,female cousin
Adrian,"a male given name from Latin, equivalent to English Adrian"
schüchtern,"shy, timid, bashful"
Albtraum,nightmare
Boy,bellboy
gestehen,"to confess, to admit (to a mistake, misdeed, something embarrassing)"
Whisky,whisky (alcoholic drink)
Rasse,"race (subspecies), breed"
vorbeikommen,to come over
verschlossen,locked
blasen,to blow
verpflichtet,"committed, bound, obliged, indebted, beholden"
Kultur,culture
Zorn,anger
unterbrechen,to interrupt
Tropfen,drop
gefälligst,"used to sharply reinforce a demand or order, demanding obedience and often expressing annoyance, including in indirect speech"
Religion,religion
jahrelang,longstanding
Ausnahme,exception
verteilt,distributed
Besucher,visitor
Queen,The Queen of England (and various political superstructures which contain England) or Scotland
Verkehr,ellipsis of Straßenverkehr (“road traffic”)
Knall,crack
Tempo,"tempo, pace (rate, speed)"
Sitzung,meeting
Blume,"flower, blossom (colorful, conspicuous reproductive structure(s) of an angiosperm)"
Toast,toast (salutation)
Therapie,therapy
Version,version
sichern,to secure
Entfernung,distance
Tara,tare (the empty weight of a container)
Fremder,stranger (someone whom one does not know) (male or of unspecified gender)
Schauspielerin,"actress, actor (female)"
Kanal,canal (man-made watercourse)
ausgesetzt,exposed
bestimmen,to determine
Rettung,rescue
Parkplatz,"parking lot, outdoor car park"
geladen,"charged, loaded, laden"
Weihnachtsmann,"Santa Claus, Father Christmas"
lediglich,merely
Beginn,"start, beginning"
ausrichten,to align
Tradition,tradition
Papst,pope (head of the Roman Catholic Church
Juni,June
Kofferraum,"boot, trunk (luggage storage compartment of a car)"
Eingang,entrance (doorway or passageway into a building or other enclosed space)
faszinierend,fascinating
Zirkus,circus (arena in Antiquity)
Schuh,shoe
entdecken,"to discover, to spot, to learn for the first time"
Existenz,existence
Verfahren,"procedure, process"
Mittwoch,Wednesday
Marke,"mark (like trade mark), brand"
flammen,"to flame (burn with a flame, also figuratively)"
hilfreich,"useful, helpful"
pflanzen,to plant
erden,to earth
Drama,drama
letztendlich,"eventually, finally, ultimately, at last"
täuschen,to deceive
sowie,as well as
Charakter,character
Nebel,"fog, mist, haze"
Wolle,wool
abwarten,to await
Salz,"salt, table salt, sal"
Trauer,"grief, sorrow"
riesig,"gigantic, huge"
Experiment,experiment
Königreich,kingdom
Patientin,patient (female)
malen,to paint (do paintwork)
Krankenstation,infirmary
gewünscht,"desired, wanted"
Block,bloc
Coach,coach (trainer or instructor)
illegal,illegal
gewachsen,grown
Betrüger,"fraud, impostor, imposter, fraudster (person)"
bestrafen,to punish
Zelt,"tent, marquee"
enttäuschen,to disappoint (displease by not fulfilling an expectation)
gemütlich,"cosy, gemütlich"
Florida,Florida (a state of the United States)
Olivia,"a female given name, equivalent to English Olivia"
stürzen,"to fall down, to drop, to tumble"
Ausflug,"excursion, outing, short trip"
Anwesenheit,presence
akzeptiert,accepted
Nicole,"a female given name, masculine equivalent Nikolaus, Nikolas, or Niklas"
ohnmächtig,"unconscious (Having lost consciousness for a short time as in ohnmächtig werden (""to faint, to pass out"").)"
Schnaps,"spirit, booze, hard liquor"
Verständnis,"understanding, comprehension"
Rakete,"rocket, missile"
mitteilen,"to inform about, to tell, to disclose, to impart, to report, to announce"
aufmerksam,"attentive, alert, observant"
Sarg,coffin
GUS,"initialism of Gemeinschaft Unabhängiger Staaten (“CIS, Commonwealth of Independent States”)"
Christine,"a female given name, equivalent to English Christina"
zurückgeben,"to give back, return"
arten,to become [with nach (+ dative) ‘like’]
Panzer,"armour, armour plating, shield"
attraktiv,"attractive, fetching"
deutsch,German (of or pertaining to the German people)
vertragen,"to tolerate, bear"
Passe,yoke (part of an item of clothing which fits around the shoulders)
Puls,pulse
erschrecken,to be frightened
Herausforderung,"challenge, that which encourages someone to dare more"
Treue,"faithfulness, loyalty"
Dummer,fool
friedlich,"peaceful, placid, tranquil"
Episode,episode (something that took place)
Mona,a female given name
Moskau,"Moscow (a federal city, the capital of Russia)"
Wohnzimmer,living room
Penis,penis
Geständnis,confession (open admittance of having done something)
Truppe,"troupe (company of actors, etc.)"
Witwe,widow
Werbung,"promotion, solicitation, recruitment"
out,out of fashion
Nahrung,"nourishment, food"
Louise,"a female given name from French Louise, variant of Luise"
Unterwäsche,underwear
hurra,hooray
Aufregung,excitement
besetzt,occupied
Ethan,"ethane (aliphatic hydrocarbon, C₂H₆)"
baden,"to bathe, to give a bath to or have a bath."
Eimer,"bucket, pail"
F,"The sixth letter of the German alphabet, written in the Latin script."
schwören,to swear
Michelle,a female given name
Aktion,"operation, campaign, measure, organized course of action"
absichtlich,intentional
betrachtet,"considered, regarded"
Unterschrift,signature
Serie,series (a number of things that follow on one after the other)
abhalten,"to keep off, away, or out"
rechnen,"to count, reckon, calculate, compute"
irgendwer,someone
Partei,political party
Mars,Mars
Symbol,"symbol, icon"
Maus,mouse (animal)
Daumen,thumb
vorm,Contraction of vor and dem.
Marine,navy
zurückgehen,"to go back, return (to a place)"
höflich,polite (well-mannered)
Kanone,cannon
Oscar,"a male given name, variant of Oskar"
Thron,throne
Aufzug,"Clipping of Aufzugsanlage: lift, elevator"
bewusstlos,"unconscious (not conscious, not awake)"
Affe,monkey or ape (male or female or of unspecified sex)
Ärztin,"doctor, physician (female)"
X,"The twenty-fourth letter of the German alphabet, written in the Latin script."
Fahrzeug,vehicle
Dennis,"a male given name, an English-type variant of Denis"
wegnehmen,"to take away from, to remove from"
Whiskey,whiskey
betrügen,to deceive (usually deliberately)
beißen,to bite
verlaufen,"to get lost, stray"
Amt,agency
Genosse,"partner in something, mate"
bewiesen,"proved, proven"
Mia,a female given name
durchaus,"absolutely, fully, entirely"
Zentrum,"center, centre"
Motel,motel
Finn,"a male given name from Danish, Norwegian, or English Finn"
befragen,"to question, to interview, to interrogate"
vollständig,complete
herunter,"down, downwards (to the own location downwards)"
verarscht,"pranked, punked"
Gerede,"gossip, gossiping"
Liege,"a flat or slightly inclined piece of furniture upon which one can recline or lie down, such as a couch, daybed, chaise lounge, a doctor's examination table"
Stufe,"step, tread (of a stair or ladder)"
Kummer,"grief, sorrow"
Regisseur,director (male or of unspecified gender)
privat,private
ausschalten,"to turn off, to switch off, to power down, to disable (to stop a device or disable its function)"
Psychiater,psychiatrist (male or of unspecified gender)
zurzeit,currently
billig,"appropriate, meet, fair"
füllen,to fill
Rand,"edge, brink, rim (outer part of something)"
Brieftasche,"wallet, purse"
Apparat,"apparatus, device, machine (complex instrument)"
Enkel,ankle
versagen,"to fail, to give out, to break down"
gerissen,cunning
haaren,to moult
heftig,"fierce, heavy, vehement, severe, violent"
Betrug,fraud
Einbruch,"burglary, break-in"
Brand,"fire, blaze (destructive occurrence)"
gelangen,"to reach, get to, end up in (a place, location)"
Papi,daddy
Fußball,soccer
Kompliment,compliment
Yang,yang
einsetzen,to put in
übertragen,"to transfer, transmit"
wußte,Formerly standard spelling of wusste which was deprecated in the spelling reform (Rechtschreibreform) of 1996.
Generation,generation
bestanden,covered in plants
Stimmengewirr,babble of voices
Sandwich,sandwich (snack)
Blödmann,dumbass
Vision,vision
Wächter,guard (person who guards)
intelligent,intelligent
gestatten,to allow
vorhaben,"to intend, to have (something) planned, to have (something) to do"
Zwischenzeit,"meantime, interim (period), intervening period, (First, Second, and Third) Intermediate Period (of Ancient Egypt), interval"
Krankenschwester,nurse (female)
menschlich,"human, manlike"
verderben,to deprive (someone) of (something)
ausgeben,"to spend, to expend"
verzichten,"to give up, to go without, to live without, to make do without, to do without, to forgo, to dispense with"
geliefert,"done for, ruined"
stabil,stable
hinlegen,"to put down, lay down"
durchführen,"to perform, to conduct (a study, a ceremony, an operation, etc.)"
Vergebung,"pardon (forgiveness for an offense), forgiveness (action of forgiving)"
Einspruch,"objection, protest, appeal"
Villa,villa
Entführung,"abduction, kidnapping"
Grüne,greenness
anlegen,to create
Jan,"a male given name, variant of Johann, popular in the later 20th century"
Alpha,alpha (Greek letter)
ekelhaft,"disgusting, gross"
nochmals,"again, once more"
Zoe,"a female given name, equivalent to English Zoë"
Gemälde,painting
Vorfall,incident (event or occurrence)
Krise,crisis (unstable situation)
Zuschauer,agent noun of zuschauen
Methode,manner
Bevölkerung,population
verhungern,to starve to death
Loyalität,loyalty
Kleinigkeit,"bagatelle, trifle, little something, minor thing (insignificant, minor, or little thing)"
kotzen,to vomit
Wodka,vodka
Café,"a café, a coffee shop"
Spinner,agent noun of spinnen
Atmosphäre,atmosphere
Green,"green, putting green"
Alfred,"a male given name, popular in the 19th century"
Kreatur,creature
Gräfin,countess
Koma,coma
Zugriff,access
Houston,"Houston (a large city, the county seat of Harris County, Texas, United States, named after Sam Houston)"
Lade,drawer
Wolken,a surname transferred from the given name
Li,a surname from Chinese
Lydia,Lydia (biblical character)
gefesselt,"tied up, shackled, fettered"
beliebt,popular
anständig,"decent, decorous, reputable, civilized, honest, moral, of integrity"
gnaden,to have mercy
Profi,pro (professional sports player)
Gangster,gangster
glatt,without roughness or unevenness: smooth
Vieh,livestock
grüßen,to greet
Dschungel,jungle
nutzlos,useless
achte,eighth
Bahn,"route, trail"
zustimmen,to agree
Akzent,accent (modulation of the voice)
fröhlich,merry
Kid,kid
Nachbarschaft,neighbourhood
Turm,"tower, spire (very tall building or structure, especially with a tapering top)"
eingesetzt,"used, introduced, deployed, applied"
Faust,fist
putzen,"to clean, especially by rubbing with something wet, to brush (one's teeth)"
Zerstörung,"destruction, demolition"
brutal,brutal
Front,the front end or side of something.
aufgebaut,"built, constructed"
gehasst,hated
Veränderung,change (process of becoming different)
begehen,"to commit, perpetrate (a crime, an offense)"
Zone,zone
Anton,a male given name from Latin
endgültig,"final, ultimate"
Oberfläche,surface
Summe,sum (maths)
angehen,"to concern, regard"
rausgehen,to go out
Klinge,blade (of a weapon or tool)
Marcel,"a male given name from French, equivalent to English Marcel"
Verfassung,constitution
Cowboy,cowboy
Kostüm,skirt suit (women’s business suit consisting of a skirt and jacket)
Verhandlung,negotiation
Erik,"a male given name from Old Norse, variant of Erich, feminine equivalent Erika or Erica, equivalent to English Eric"
Köder,bait
Melodie,"melody, tune (sequence of notes that makes up a musical phrase)"
Bestie,"a wild and very dangerous animal, a beast, monster"
brillant,brilliant
Rezept,"recipe, formula, guidance"
Sau,sow (female pig)
Schnelle,"speed, velocity"
Zwillinge,Gemini
Heroin,heroin
Ausland,foreign countries (collectively)
präsentieren,"to present, to showcase"
exakt,exact
faul,"foul, rotten, rancid"
Telefonnummer,telephone number
Mutti,"mom, mummy"
geradeaus,"straight ahead, straightforward (in a forward direction)"
verschieben,"to move, to shift"
Herrin,lady (female equivalent of a lord)
verlegen,"to misplace, to mislay"
gerecht,"just, fair"
Vernunft,"reason, good sense"
Reese,a surname of northern German usage
Service,service (e.g. in a restaurant)
Zahn,tooth
Freak,freak (in the abnormal person sense)
Erbe,inheritance
Geisel,hostage
Pardon,quarter (decision not to kill a captured enemy)
Kutsche,"carriage, coach (a wagon, usually upholstered, pulled by horses)"
ward,"archaic form of wurde, first/third-person singular preterite of werden"
Kanada,Canada (a country in North America)
Fürst,prince (sovereign prince)
Tragödie,tragedy
Schließe,"fastener, buckle, clasp"
kontaktieren,to contact (establish communication with)
Fuhren,"a small town in Tandel, Luxembourg"
Oktober,October
übertrieben,exaggerated
Lohn,wage
Spaziergang,walk (trip made by walking)
genügend,"sufficient, ample"
Feige,fig
Moral,"moral, morality"
jener,"that, that one"
Warren,"Varena, Trentino, Italy"
Löwen,Louvain (a city in Belgium)
y,the letter y
Leine,"line, cord (a rope, usually relatively thin), especially"
vorfahren,to drive up
Clown,clown (male or of unspecified gender)
Spezies,species
Marsch,march
klingeln,to ring (to produce the sound of a bell or a similar sound)
stammen,"to descend, to originate, to be derived"
Zoo,zoo
kranken,"to be ailing (from), to be held back (by), to be suffering (from) [with an (+ dative)] (to struggle with a non-catastrophic but severely limiting issue)"
Box,box (cuboid container)
Japaner,Japanese (person)
bißchen,Formerly standard spelling of bisschen which was deprecated in the spelling reform (Rechtschreibreform) of 1996.
gründlich,"thorough, in-depth"
Nachbar,neighbour
Versager,"loser, failure, deadbeat (someone who fails)"
beherrschen,to master
Etage,floor
Bestand,"stock, inventory"
Gelände,"area, terrain"
Nichte,niece
Kloster,"convent, monastery, cloister"
Chip,chip
DI,initialism of Dipl.-Ing. (an abbreviation of Diplomingenieur or Diplomingenieurin.)
Sprung,"jump, leap"
losgehen,to leave
Bargeld,cash (money in the form of notes/bills and coins)
vertreten,"to step in, fill (a stead, gap)"
Lampe,"lamp, light (piece of furniture, or fixture mounted on a wall or ceiling, holding one or more electric light sockets)"
vorgehen,to walk to the front (of a room or area)
Autor,author
Trost,consolation
eröffnen,to open (to the public)
Herzog,duke
eventuell,"potential, possible, contingent, liable"
sanft,gentle
umgeben,to surround (to encircle or simultaneously extend on all sides of something)
Unschuld,innocence
Objekt,"object (inanimate being, thing)"
Frühling,spring
Sauerstoff,oxygen
Marco,a male given name from Italian
Forschung,research
hinunter,"down, downwards (from the own location downwards)"
Heilmittel,"remedy (a medicine, application, or treatment that relieves or cures a disease)"
vergehen,"to pass, to elapse"
angeln,"to angle, to fish (with a fishing rod)"
vielmals,"very much, a lot"
zuständig,"competent, cognizant (having jurisdiction or authority over a particular issue or question)"
Biest,"animal, beast, any kind but especially an annoying one, e.g. an insect, pest, aggressive dog, etc."
Verhältnis,"relation, ratio"
Zaun,fence
Butter,butter
durchgehen,to go through
bedienen,to serve
Leber,liver
Ticket,ticket
Leistung,"performance, accomplishment, achievement"
Kai,"wharf, quay"
Kabel,cable (electronic wire)
geschieden,divorced
Blutdruck,blood pressure
knacken,to make a cracking sound
Gürtel,belt (band worn around the waist)
special,obsolete spelling of spezial
Römer,Roman
Eigentum,ownership
apropos,"speaking of, apropos"
Betrieb,"operating or running a technical device, application or process, in other words planful activity under the exploitation of tools, connections and/or manpower with an inherent direction towards an economic result, industry, operation, verbal noun of betreiben"
Teenager,teenager (person between 13 and 19 years of age)
stoßen,to push
Like,"like (individual vote showing support for, or approval of, something posted on the Internet)"
respektieren,to respect
Mine,a mine
Trank,"a drink, generally mixed of several ingredients, and often for medical or magical effect"
Iris,iris
Krawatte,necktie
Hugo,"a male given name, equivalent to English Hugh or Hugo"
Stirn,"forehead, brow (often used as an indicator of emotion)"
Zettel,"a small or loose piece of paper, slip"
Nora,a female given name
Schießerei,"shootout, gunfight"
charmant,charming
Hühnchen,chicken (meat)
gespannt,"curious, excited (of a person"
Schicht,"layer, stratum, seam"
aufbauen,"to build, to construct, to erect"
begegnen,"meet, to encounter, to come across"
Natalie,a female given name
verlieben,to fall in love
infiziert,infected
lehren,"to teach (a class, a subject)"
Sektor,sector
Verspätung,"delay, lateness, late arrival"
Herzinfarkt,"myocardial infarction (necrosis of heart muscle), heart attack"
hierhin,to here (to this place)
Diebstahl,theft
Heirat,marrying
Notruf,emergency call
Single,single (45rpm vinyl record)
vergangen,"past, bygone"
Action,"action (fast-paced, often violent activity or events)"
entspannt,relaxed
Kasse,"cash register, cash box"
weggelaufen,"runaway, escaped"
Föderation,"federation (a union or alliance of organizations, both nationally and internationally)"
Master,master's degree
fabelhaft,fabulous
einsperren,"to lock up, to imprison, to jail"
Gegensatz,"opposition, antagonism"
Ralph,"a male given name from English, a less common variant of Ralf"
aussuchen,"to select, to choose, to pick"
Dreckskerl,"swine, son of a bitch, bastard"
Kissen,cushion
Ofen,clipping of Backofen (“oven”)
Philip,"a male given name, a less common variant of Philipp"
dünn,"thin, slender, slim"
Diskussion,"discussion, debate"
Football,the kind of ball used in American football
Weisheit,wisdom
mies,"mean, wretched"
Blatt,leaf (green and flat organ of a plant)
Salat,"salad (mixed, usually cold dish)"
zwanzig,twenty
durchziehen,to pass
breit,"broad, wide"
Wettbewerb,competition (contest for a prize or award)
Bewährung,parole
eigenartig,"peculiar, characteristic"
Spruch,"short saying, expression or dictum that is remembered or is meaningful in itself"
Testament,"will, testament"
Beschreibung,description
schultern,to shoulder (to carry something on one's shoulders)
Gehalt,"content, fraction (amount or percentage of some material in a mass)"
krass,"stark, extreme"
Jonas,Jonah (prophet)
schmeißen,to throw
Tarnung,camouflage
Steven,stem.
Entwicklung,evolution
Gemüse,vegetable
befehlen,to command
quietschen,to squeak
unfair,unfair
